"dayOmit","ribnumOmit","ribnumactual","yactual","yhat","resid"
0,"R1","R1",0,386.34995,-386.34995
0,"R1","R2",0,368.615461111111,-368.615461111111
0,"R1","R3",0,388.217694444444,-388.217694444444
0,"R1","R4",0,361.096394444444,-361.096394444444
0,"R1","R5",0,410.813677777778,-410.813677777778
0,"R1","R1",249,342.485122222222,-93.4851222222222
0,"R1","R1",489,575.436483333333,-86.4364833333328
0,"R1","R1",727,981.99545,-254.99545
0,"R1","R1",989,1330.87546111111,-341.875461111111
0,"R1","R1",1242,1636.91322777778,-394.913227777777
0,"R1","R1",1490,1974.90693333333,-484.906933333332
0,"R1","R1",1738,1369.24838333333,368.751616666668
0,"R1","R1",1980,2409.45070555556,-429.450705555556
0,"R1","R1",2224,3963.11592222223,-1739.11592222223
0,"R1","R1",2496,3430.91604444445,-934.916044444447
0,"R1","R1",2784,2954.92457777778,-170.924577777777
0,"R1","R1",3103,2574.22769444444,528.772305555558
0,"R1","R1",3434,3272.89578888889,161.104211111111
0,"R1","R1",3666,3984.17607777778,-318.176077777783
0,"R1","R1",3962,4168.93013888889,-206.930138888892
0,"R1","R1",4229,3826.16754444444,402.83245555556
0,"R1","R1",4527,4135.48127777778,391.518722222218
0,"R1","R1",4863,4255.60943333334,607.390566666659
0,"R1","R1",5200,4399.42773333333,800.572266666668
0,"R2","R1",0,365.609061111111,-365.609061111111
0,"R2","R2",0,357.478922222222,-357.478922222222
0,"R2","R3",0,371.234505555556,-371.234505555556
0,"R2","R4",0,344.904361111111,-344.904361111111
0,"R2","R5",0,400.980572222222,-400.980572222222
0,"R2","R2",249,412.08125,-163.08125
0,"R2","R2",489,498.757194444445,-9.75719444444479
0,"R2","R2",727,815.813249999999,-88.8132499999988
0,"R2","R2",989,884.075794444444,104.924205555556
0,"R2","R2",1242,1849.00336111111,-607.003361111112
0,"R2","R2",1490,1922.27916111111,-432.279161111111
0,"R2","R2",1738,1650.96936111111,87.0306388888894
0,"R2","R2",1980,2654.55175555556,-674.551755555556
0,"R2","R2",2224,3355.47128888889,-1131.47128888889
0,"R2","R2",2496,3074.27372777778,-578.273727777779
0,"R2","R2",2784,2524.46281111111,259.537188888893
0,"R2","R2",3103,2946.62950555555,156.370494444445
0,"R2","R2",3434,3700.37462777778,-266.374627777778
0,"R2","R2",3666,3358.13308888889,307.866911111108
0,"R2","R2",3962,4186.03500555555,-224.035005555555
0,"R2","R2",4229,4558.51745555555,-329.517455555554
0,"R2","R2",4527,3791.05582222222,735.944177777777
0,"R2","R2",4863,4051.32308888889,811.676911111112
0,"R2","R2",5200,3182.00386666667,2017.99613333333
0,"R3","R1",0,380.081333333333,-380.081333333333
0,"R3","R2",0,359.056111111111,-359.056111111111
0,"R3","R3",0,395.010033333333,-395.010033333333
0,"R3","R4",0,356.535005555555,-356.535005555555
0,"R3","R5",0,397.310033333333,-397.310033333333
0,"R3","R3",249,286.191433333333,-37.1914333333333
0,"R3","R3",489,464.591994444444,24.4080055555555
0,"R3","R3",727,972.259866666666,-245.259866666666
0,"R3","R3",989,1061.68868888889,-72.6886888888882
0,"R3","R3",1242,1513.22053888889,-271.220538888889
0,"R3","R3",1490,1197.69443888889,292.305561111111
0,"R3","R3",1738,1732.19286111111,5.80713888889045
0,"R3","R3",1980,1719.12489444445,260.875105555554
0,"R3","R3",2224,3228.95657222222,-1004.95657222222
0,"R3","R3",2496,3128.57094444444,-632.570944444445
0,"R3","R3",2784,2284.46981666667,499.530183333333
0,"R3","R3",3103,3493.95406666666,-390.95406666666
0,"R3","R3",3434,2967.27718888889,466.722811111114
0,"R3","R3",3666,3579.81406666667,86.1859333333341
0,"R3","R3",3962,3310.63758333333,651.362416666667
0,"R3","R3",4229,3991.97547777778,237.024522222222
0,"R3","R3",4527,2255.61565,2271.38435
0,"R3","R3",4863,3756.55291666666,1106.44708333334
0,"R3","R3",5200,3943.48743333333,1256.51256666667
0,"R4","R1",0,368.7027,-368.7027
0,"R4","R2",0,307.0835,-307.0835
0,"R4","R3",0,391.296283333333,-391.296283333333
0,"R4","R4",0,332.6268,-332.6268
0,"R4","R5",0,349.463711111111,-349.463711111111
0,"R4","R4",249,306.279455555556,-57.2794555555556
0,"R4","R4",489,611.212288888889,-122.212288888889
0,"R4","R4",727,955.434961111111,-228.434961111111
0,"R4","R4",989,1217.23524444444,-228.235244444444
0,"R4","R4",1242,1808.91737222222,-566.917372222224
0,"R4","R4",1490,1918.63713888889,-428.637138888889
0,"R4","R4",1738,1873.30448888889,-135.30448888889
0,"R4","R4",1980,2445.89699444445,-465.896994444447
0,"R4","R4",2496,2995.84771666667,-499.847716666666
0,"R4","R4",3103,3169.41412222222,-66.4141222222238
0,"R4","R4",3434,3288.62718888889,145.372811111112
0,"R4","R4",4229,2953.45562222222,1275.54437777778
0,"R4","R4",4863,4727.64263333334,135.357366666663
0,"R4","R4",5200,4138.29608333333,1061.70391666667
0,"R5","R1",0,366.796333333333,-366.796333333333
0,"R5","R2",0,341.290966666667,-341.290966666667
0,"R5","R3",0,416.171144444444,-416.171144444444
0,"R5","R4",0,352.915722222222,-352.915722222222
0,"R5","R5",0,406.624055555556,-406.624055555556
0,"R5","R5",249,333.627255555556,-84.6272555555555
0,"R5","R5",489,841.975127777777,-352.975127777777
0,"R5","R5",1242,1554.79298888889,-312.79298888889
0,"R5","R5",1738,2712.74905,-974.749049999999
0,"R5","R5",1980,2271.57413888889,-291.574138888889
0,"R5","R5",4863,4284.36152222222,578.638477777777
249,"R1","R1",0,97.38875,-97.38875
249,"R1","R1",249,460.444677777778,-211.444677777778
249,"R1","R2",249,422.359055555556,-173.359055555556
249,"R1","R3",249,466.180438888889,-217.180438888889
249,"R1","R4",249,463.543111111111,-214.543111111111
249,"R1","R5",249,464.642761111111,-215.642761111111
249,"R1","R1",489,610.97855,-121.97855
249,"R1","R1",727,1021.61272222222,-294.612722222223
249,"R1","R1",989,1312.55890555556,-323.558905555558
249,"R1","R1",1242,1599.86192777778,-357.861927777779
249,"R1","R1",1490,1965.01263888889,-475.012638888886
249,"R1","R1",1738,1334.59629444444,403.403705555555
249,"R1","R1",1980,2418.71167777777,-438.711677777775
249,"R1","R1",2224,3940.55654444444,-1716.55654444444
249,"R1","R1",2496,3454.3269,-958.326900000001
249,"R1","R1",2784,2935.53472777778,-151.534727777779
249,"R1","R1",3103,2558.25422777778,544.745772222224
249,"R1","R1",3434,3325.25073888889,108.749261111109
249,"R1","R1",3666,3957.61058888889,-291.610588888891
249,"R1","R1",3962,4180.32593333333,-218.325933333332
249,"R1","R1",4229,3812.50341666667,416.496583333331
249,"R1","R1",4527,4133.72051666667,393.279483333326
249,"R1","R1",4863,4274.28966111112,588.710338888883
249,"R1","R1",5200,4381.05799999999,818.942000000012
249,"R2","R2",0,65.0217611111111,-65.0217611111111
249,"R2","R1",249,422.220927777778,-173.220927777778
249,"R2","R2",249,363.403405555555,-114.403405555555
249,"R2","R3",249,437.023933333334,-188.023933333334
249,"R2","R4",249,426.631161111111,-177.631161111111
249,"R2","R5",249,439.198383333333,-190.198383333333
249,"R2","R2",489,472.184311111112,16.8156888888882
249,"R2","R2",727,814.896483333333,-87.8964833333328
249,"R2","R2",989,879.1054,109.8946
249,"R2","R2",1242,1861.13175,-619.131749999996
249,"R2","R2",1490,1887.81779444444,-397.817794444441
249,"R2","R2",1738,1659.05316666666,78.9468333333368
249,"R2","R2",1980,2621.27706111111,-641.277061111112
249,"R2","R2",2224,3338.40768333333,-1114.40768333333
249,"R2","R2",2496,3057.73401666666,-561.734016666663
249,"R2","R2",2784,2506.64419444444,277.35580555556
249,"R2","R2",3103,2941.14485555556,161.855144444443
249,"R2","R2",3434,3738.47677777778,-304.476777777781
249,"R2","R2",3666,3329.58356111111,336.416438888888
249,"R2","R2",3962,4169.51827222222,-207.518272222221
249,"R2","R2",4229,4549.12471666667,-320.124716666667
249,"R2","R2",4527,3791.68106111111,735.31893888889
249,"R2","R2",4863,4027.89465555556,835.105344444438
249,"R2","R2",5200,3185.47023888889,2014.52976111111
249,"R3","R3",0,135.099822222222,-135.099822222222
249,"R3","R1",249,400.956716666666,-151.956716666666
249,"R3","R2",249,349.449488888889,-100.449488888889
249,"R3","R3",249,364.415655555555,-115.415655555555
249,"R3","R4",249,421.399727777778,-172.399727777778
249,"R3","R5",249,363.663733333333,-114.663733333333
249,"R3","R3",489,537.973205555556,-48.9732055555556
249,"R3","R3",727,954.704061111111,-227.704061111111
249,"R3","R3",989,1023.24376666667,-34.2437666666674
249,"R3","R3",1242,1486.58807222222,-244.588072222223
249,"R3","R3",1490,1189.19643888889,300.803561111112
249,"R3","R3",1738,1749.7779,-11.7779000000003
249,"R3","R3",1980,1721.58051666667,258.419483333334
249,"R3","R3",2224,3192.62343333333,-968.623433333331
249,"R3","R3",2496,3124.70998888888,-628.709988888884
249,"R3","R3",2784,2254.82824444444,529.171755555557
249,"R3","R3",3103,3493.73956111111,-390.739561111107
249,"R3","R3",3434,2919.54062777778,514.45937222222
249,"R3","R3",3666,3583.86671666667,82.1332833333317
249,"R3","R3",3962,3277.67683888889,684.323161111111
249,"R3","R3",4229,3985.60757222223,243.392427777775
249,"R3","R3",4527,2312.57668333333,2214.42331666667
249,"R3","R3",4863,3769.19907222222,1093.80092777778
249,"R3","R3",5200,3925.20930555555,1274.79069444445
249,"R4","R4",0,35.8582277777778,-35.8582277777778
249,"R4","R1",249,440.019194444445,-191.019194444445
249,"R4","R2",249,396.548605555555,-147.548605555555
249,"R4","R3",249,438.564716666667,-189.564716666667
249,"R4","R4",249,436.060016666667,-187.060016666667
249,"R4","R5",249,435.703044444445,-186.703044444445
249,"R4","R4",489,607.3589,-118.3589
249,"R4","R4",727,923.932472222222,-196.932472222222
249,"R4","R4",989,1196.72038888889,-207.720388888889
249,"R4","R4",1242,1806.32665555555,-564.326655555555
249,"R4","R4",1490,1911.04096666667,-421.040966666667
249,"R4","R4",1738,1875.61123888889,-137.611238888889
249,"R4","R4",1980,2457.54845555555,-477.548455555554
249,"R4","R4",2496,3023.96330555555,-527.963305555551
249,"R4","R4",3103,3172.6063,-69.6063000000022
249,"R4","R4",3434,3328.33562777777,105.664372222226
249,"R4","R4",4229,2922.78059444445,1306.21940555555
249,"R4","R4",4863,4713.13146111111,149.868538888888
249,"R4","R4",5200,4164.69818888889,1035.30181111111
249,"R5","R5",0,89.0236277777778,-89.0236277777778
249,"R5","R1",249,463.948755555555,-214.948755555555
249,"R5","R2",249,409.277605555555,-160.277605555555
249,"R5","R3",249,446.081233333333,-197.081233333333
249,"R5","R4",249,453.290888888889,-204.290888888889
249,"R5","R5",249,458.198088888888,-209.198088888888
249,"R5","R5",489,885.184977777778,-396.184977777778
249,"R5","R5",1242,1605.22768888889,-363.227688888891
249,"R5","R5",1738,2742.09106666667,-1004.09106666667
249,"R5","R5",1980,2287.6804,-307.680400000001
249,"R5","R5",4863,4273.96542222222,589.034577777777
489,"R1","R1",0,73.1683888888889,-73.1683888888889
489,"R1","R1",249,294.184661111111,-45.184661111111
489,"R1","R1",489,785.270850000001,-296.270850000001
489,"R1","R2",489,511.387788888889,-22.3877888888888
489,"R1","R3",489,540.092755555555,-51.0927555555554
489,"R1","R4",489,712.419716666667,-223.419716666667
489,"R1","R5",489,1026.16287777778,-537.162877777778
489,"R1","R1",727,985.408533333333,-258.408533333333
489,"R1","R1",989,1384.41906666667,-395.419066666667
489,"R1","R1",1242,1604.66747777778,-362.667477777778
489,"R1","R1",1490,2029.94421666667,-539.944216666666
489,"R1","R1",1738,1391.19984444444,346.800155555556
489,"R1","R1",1980,2408.60651111111,-428.606511111107
489,"R1","R1",2224,3947.96604444444,-1723.96604444444
489,"R1","R1",2496,3478.59915,-982.599149999999
489,"R1","R1",2784,2932.24988333333,-148.249883333332
489,"R1","R1",3103,2543.92563333333,559.074366666667
489,"R1","R1",3434,3235.7954,198.204600000002
489,"R1","R1",3666,3977.84443333333,-311.844433333334
489,"R1","R1",3962,4192.38445555556,-230.384455555556
489,"R1","R1",4229,3810.35476666667,418.645233333333
489,"R1","R1",4527,4152.2201,374.7799
489,"R1","R1",4863,4277.45252222223,585.547477777772
489,"R1","R1",5200,4372.79483888889,827.205161111114
489,"R2","R2",0,52.4581444444445,-52.4581444444445
489,"R2","R2",249,383.730061111111,-134.730061111111
489,"R2","R1",489,819.024344444444,-330.024344444444
489,"R2","R2",489,692.650255555555,-203.650255555555
489,"R2","R3",489,720.643077777777,-231.643077777777
489,"R2","R4",489,815.894511111111,-326.894511111111
489,"R2","R5",489,1062.65767222222,-573.657672222223
489,"R2","R2",727,834.4742,-107.4742
489,"R2","R2",989,915.363494444446,73.6365055555544
489,"R2","R2",1242,1855.23503888889,-613.235038888889
489,"R2","R2",1490,1895.78527222222,-405.785272222223
489,"R2","R2",1738,1585.67773888889,152.322261111114
489,"R2","R2",1980,2676.3264,-696.326400000001
489,"R2","R2",2224,3366.46034444445,-1142.46034444445
489,"R2","R2",2496,3075.59548888889,-579.595488888886
489,"R2","R2",2784,2495.80288888889,288.197111111112
489,"R2","R2",3103,2962.89197222222,140.108027777777
489,"R2","R2",3434,3760.68037222222,-326.680372222223
489,"R2","R2",3666,3335.45782222222,330.542177777775
489,"R2","R2",3962,4176.64506111111,-214.645061111112
489,"R2","R2",4229,4574.22763888889,-345.227638888889
489,"R2","R2",4527,3790.98741666667,736.012583333335
489,"R2","R2",4863,4026.39686666667,836.603133333326
489,"R2","R2",5200,3094.91105555556,2105.08894444444
489,"R3","R3",0,181.091888888889,-181.091888888889
489,"R3","R3",249,240.444477777778,8.55552222222207
489,"R3","R1",489,758.85326111111,-269.85326111111
489,"R3","R2",489,565.313622222222,-76.3136222222219
489,"R3","R3",489,523.562666666666,-34.5626666666665
489,"R3","R4",489,779.575249999999,-290.575249999999
489,"R3","R5",489,974.851205555555,-485.851205555555
489,"R3","R3",727,989.138849999999,-262.138849999999
489,"R3","R3",989,827.748249999999,161.251750000001
489,"R3","R3",1242,1551.92098333334,-309.920983333335
489,"R3","R3",1490,1228.51312777778,261.486872222222
489,"R3","R3",1738,1706.78587222222,31.2141277777785
489,"R3","R3",1980,1724.14825,255.851750000001
489,"R3","R3",2224,3209.11675,-985.116750000002
489,"R3","R3",2496,3119.50169444445,-623.501694444446
489,"R3","R3",2784,2262.05156666667,521.94843333333
489,"R3","R3",3103,3528.15842222222,-425.158422222223
489,"R3","R3",3434,2921.33206111111,512.667938888887
489,"R3","R3",3666,3619.84180000001,46.1581999999944
489,"R3","R3",3962,3291.20555,670.794450000001
489,"R3","R3",4229,3976.84230555555,252.157694444451
489,"R3","R3",4527,2281.55863333333,2245.44136666667
489,"R3","R3",4863,3808.09874444445,1054.90125555555
489,"R3","R3",5200,3932.12686111111,1267.87313888889
489,"R4","R4",0,43.3723666666667,-43.3723666666667
489,"R4","R4",249,266.896444444445,-17.8964444444445
489,"R4","R1",489,925.102549999999,-436.102549999999
489,"R4","R2",489,500.141055555555,-11.1410555555549
489,"R4","R3",489,540.82596111111,-51.8259611111104
489,"R4","R4",489,720.072161111111,-231.072161111111
489,"R4","R5",489,1102.04327777778,-613.043277777778
489,"R4","R4",727,1118.34926666667,-391.349266666667
489,"R4","R4",989,1317.54708888889,-328.547088888889
489,"R4","R4",1242,1825.3344,-583.334400000002
489,"R4","R4",1490,1899.91980555556,-409.919805555558
489,"R4","R4",1738,1880.73338888889,-142.73338888889
489,"R4","R4",1980,2434.03155,-454.031549999998
489,"R4","R4",2496,2978.52097777778,-482.520977777781
489,"R4","R4",3103,3130.64771666667,-27.6477166666668
489,"R4","R4",3434,3322.7584,111.2416
489,"R4","R4",4229,2923.39589444444,1305.60410555556
489,"R4","R4",4863,4726.60940555557,136.390594444434
489,"R4","R4",5200,4155.04325,1044.95675
489,"R5","R5",0,160.786994444445,-160.786994444445
489,"R5","R5",249,334.221305555555,-85.2213055555554
489,"R5","R1",489,826.515333333334,-337.515333333334
489,"R5","R2",489,624.500833333333,-135.500833333333
489,"R5","R3",489,605.084805555555,-116.084805555555
489,"R5","R4",489,683.023055555556,-194.023055555556
489,"R5","R5",489,988.173861111112,-499.173861111112
489,"R5","R5",1242,1588.03143888889,-346.031438888888
489,"R5","R5",1738,2713.39085555556,-975.390855555556
489,"R5","R5",1980,2283.50201111111,-303.502011111109
489,"R5","R5",4863,4286.11555,576.884449999999
727,"R1","R1",0,81.3056277777778,-81.3056277777778
727,"R1","R1",249,323.036333333333,-74.0363333333331
727,"R1","R1",489,602.231022222222,-113.231022222222
727,"R1","R1",727,1032.67801111111,-305.678011111113
727,"R1","R2",727,1066.16188333333,-339.161883333334
727,"R1","R3",727,1173.0609,-446.060900000001
727,"R1","R4",727,1209.33797777778,-482.337977777779
727,"R1","R1",989,1292.01247222222,-303.012472222222
727,"R1","R1",1242,1648.91565555556,-406.915655555556
727,"R1","R1",1490,2007.97146666667,-517.971466666669
727,"R1","R1",1738,1484.20843888889,253.791561111112
727,"R1","R1",1980,2449.18176666667,-469.181766666667
727,"R1","R1",2224,3921.63055,-1697.63055
727,"R1","R1",2496,3405.97001111111,-909.970011111115
727,"R1","R1",2784,2938.6017,-154.601699999997
727,"R1","R1",3103,2561.72005,541.279950000003
727,"R1","R1",3434,3319.03138333333,114.968616666667
727,"R1","R1",3666,3953.60314444445,-287.603144444445
727,"R1","R1",3962,4161.78598888889,-199.785988888887
727,"R1","R1",4229,3841.81781666667,387.182183333332
727,"R1","R1",4527,4173.68858333334,353.311416666665
727,"R1","R1",4863,4276.23046111112,586.769538888883
727,"R1","R1",5200,4386.79007222222,813.209927777781
727,"R2","R2",0,36.89285,-36.89285
727,"R2","R2",249,381.140166666667,-132.140166666667
727,"R2","R2",489,467.442094444444,21.5579055555558
727,"R2","R1",727,1103.08136666667,-376.081366666666
727,"R2","R2",727,1031.05869444444,-304.058694444444
727,"R2","R3",727,1139.15467777778,-412.154677777776
727,"R2","R4",727,1200.33333888889,-473.333338888889
727,"R2","R2",989,1052.86143888889,-63.8614388888884
727,"R2","R2",1242,1886.43680555556,-644.436805555555
727,"R2","R2",1490,1882.00785,-392.00785
727,"R2","R2",1738,1727.46841111111,10.5315888888877
727,"R2","R2",1980,2540.97624444444,-560.976244444442
727,"R2","R2",2224,3393.1654,-1169.1654
727,"R2","R2",2496,3038.11115555555,-542.111155555553
727,"R2","R2",2784,2501.50116111111,282.498838888891
727,"R2","R2",3103,2961.44227222222,141.557727777779
727,"R2","R2",3434,3755.08734444444,-321.087344444445
727,"R2","R2",3666,3340.30074444445,325.699255555555
727,"R2","R2",3962,4156.54655,-194.546550000004
727,"R2","R2",4229,4557.56268333334,-328.562683333336
727,"R2","R2",4527,3794.99682777778,732.00317222222
727,"R2","R2",4863,4067.32775000001,795.672249999991
727,"R2","R2",5200,3190.78244444445,2009.21755555555
727,"R3","R3",0,127.650494444445,-127.650494444445
727,"R3","R3",249,262.509183333333,-13.5091833333335
727,"R3","R3",489,446.160711111111,42.8392888888888
727,"R3","R1",727,993.898411111111,-266.898411111111
727,"R3","R2",727,1031.25408333333,-304.254083333333
727,"R3","R3",727,1123.28627222222,-396.286272222221
727,"R3","R4",727,1162.0219,-435.0219
727,"R3","R3",989,1146.56138333333,-157.561383333334
727,"R3","R3",1242,1360.63196111111,-118.631961111111
727,"R3","R3",1490,1312.49451111111,177.505488888888
727,"R3","R3",1738,1759.45383888889,-21.4538388888873
727,"R3","R3",1980,1727.64580555556,252.354194444443
727,"R3","R3",2224,3186.945,-962.945
727,"R3","R3",2496,3068.60657222222,-572.60657222222
727,"R3","R3",2784,2217.72295555555,566.277044444449
727,"R3","R3",3103,3524.39217777778,-421.392177777777
727,"R3","R3",3434,2901.20023333333,532.799766666671
727,"R3","R3",3666,3550.67158333333,115.328416666667
727,"R3","R3",3962,3327.65383333333,634.346166666672
727,"R3","R3",4229,3973.09138888889,255.90861111111
727,"R3","R3",4527,2306.8153,2220.1847
727,"R3","R3",4863,3777.14737777778,1085.85262222222
727,"R3","R3",5200,3932.04562222222,1267.95437777778
727,"R4","R4",0,41.7396055555555,-41.7396055555555
727,"R4","R4",249,249.185988888889,-0.185988888888943
727,"R4","R4",489,709.527727777778,-220.527727777778
727,"R4","R1",727,1026.68996111111,-299.689961111111
727,"R4","R2",727,1045.81528333333,-318.815283333333
727,"R4","R3",727,1110.46273888889,-383.462738888889
727,"R4","R4",727,1203.55617777778,-476.556177777778
727,"R4","R4",989,1222.14231111111,-233.142311111111
727,"R4","R4",1242,1817.63010555556,-575.630105555559
727,"R4","R4",1490,1912.9463,-422.9463
727,"R4","R4",1738,2005.20771666667,-267.207716666667
727,"R4","R4",1980,2435.25032777778,-455.250327777782
727,"R4","R4",2496,2996.31792222222,-500.317922222221
727,"R4","R4",3103,3182.89952777778,-79.8995277777767
727,"R4","R4",3434,3321.22302777778,112.776972222219
727,"R4","R4",4229,2963.75393888888,1265.24606111112
727,"R4","R4",4863,4719.17938888889,143.820611111109
727,"R4","R4",5200,4157.64856666667,1042.35143333333
989,"R1","R1",0,160.768094444444,-160.768094444444
989,"R1","R1",249,281.758811111111,-32.758811111111
989,"R1","R1",489,571.584383333333,-82.5843833333331
989,"R1","R1",727,970.305483333334,-243.305483333334
989,"R1","R1",989,1384.69785555556,-395.697855555555
989,"R1","R2",989,1013.39857222222,-24.3985722222227
989,"R1","R3",989,1150.39879444445,-161.398794444445
989,"R1","R4",989,1091.95043888889,-102.950438888889
989,"R1","R1",1242,1616.68042777778,-374.680427777776
989,"R1","R1",1490,2055.06540555556,-565.065405555555
989,"R1","R1",1738,1402.90836111111,335.091638888889
989,"R1","R1",1980,2375.56877222222,-395.56877222222
989,"R1","R1",2224,3906.13164444444,-1682.13164444444
989,"R1","R1",2496,3425.01512222222,-929.015122222224
989,"R1","R1",2784,2927.1878,-143.187799999997
989,"R1","R1",3103,2571.81521666666,531.184783333338
989,"R1","R1",3434,3282.49911666667,151.500883333332
989,"R1","R1",3666,4007.77577777778,-341.775777777781
989,"R1","R1",3962,4172.01916111111,-210.019161111109
989,"R1","R1",4229,3828.46841666666,400.531583333336
989,"R1","R1",4527,4136.21255000001,390.787449999993
989,"R1","R1",4863,4267.60065,595.399349999995
989,"R1","R1",5200,4354.5503,845.449699999998
989,"R2","R2",0,44.6450833333334,-44.6450833333334
989,"R2","R2",249,326.722094444444,-77.7220944444443
989,"R2","R2",489,454.232083333333,34.7679166666665
989,"R2","R2",727,681.606172222222,45.3938277777778
989,"R2","R1",989,1358.62249444445,-369.622494444446
989,"R2","R2",989,854.440194444445,134.559805555555
989,"R2","R3",989,1103.92072777778,-114.920727777779
989,"R2","R4",989,1132.26066111111,-143.260661111111
989,"R2","R2",1242,1876.15697777778,-634.156977777776
989,"R2","R2",1490,2030.93246111111,-540.932461111115
989,"R2","R2",1738,1670.19243888889,67.8075611111103
989,"R2","R2",1980,2555.03963888889,-575.039638888891
989,"R2","R2",2224,3428.53040555556,-1204.53040555556
989,"R2","R2",2496,3068.43458888889,-572.434588888887
989,"R2","R2",2784,2517.54127222222,266.458727777778
989,"R2","R2",3103,2948.37453888889,154.625461111105
989,"R2","R2",3434,3807.27695,-373.276950000003
989,"R2","R2",3666,3318.26695,347.733050000003
989,"R2","R2",3962,4139.55107222223,-177.551072222229
989,"R2","R2",4229,4555.94968333334,-326.949683333343
989,"R2","R2",4527,3761.27958333334,765.720416666659
989,"R2","R2",4863,4039.01807777779,823.981922222209
989,"R2","R2",5200,3193.51638333334,2006.48361666666
989,"R3","R3",0,147.737027777778,-147.737027777778
989,"R3","R3",249,236.198238888889,12.8017611111111
989,"R3","R3",489,456.272561111111,32.7274388888887
989,"R3","R3",727,819.664772222221,-92.6647722222215
989,"R3","R1",989,1259.61939444444,-270.619394444443
989,"R3","R2",989,740.340577777778,248.659422222222
989,"R3","R3",989,926.470577777778,62.529422222222
989,"R3","R4",989,1160.53295,-171.532949999999
989,"R3","R3",1242,1544.59496666667,-302.594966666667
989,"R3","R3",1490,1220.28418333333,269.715816666667
989,"R3","R3",1738,1821.20744444445,-83.2074444444459
989,"R3","R3",1980,1749.53301666667,230.466983333334
989,"R3","R3",2224,3223.03886111111,-999.038861111108
989,"R3","R3",2496,3072.48799444445,-576.487994444446
989,"R3","R3",2784,2268.51770555556,515.482294444441
989,"R3","R3",3103,3521.19563333334,-418.195633333339
989,"R3","R3",3434,2911.13515,522.864850000004
989,"R3","R3",3666,3591.94671666666,74.053283333335
989,"R3","R3",3962,3289.16832777778,672.831672222222
989,"R3","R3",4229,3908.89348333334,320.106516666664
989,"R3","R3",4527,2304.61266111111,2222.38733888889
989,"R3","R3",4863,3787.54673333333,1075.45326666667
989,"R3","R3",5200,3899.59358888889,1300.40641111111
989,"R4","R4",0,43.7349055555556,-43.7349055555556
989,"R4","R4",249,228.020622222222,20.9793777777778
989,"R4","R4",489,631.477905555556,-142.477905555556
989,"R4","R4",727,956.1353,-229.1353
989,"R4","R1",989,1404.00033888889,-415.00033888889
989,"R4","R2",989,720.86303888889,268.13696111111
989,"R4","R3",989,1137.1355,-148.135500000002
989,"R4","R4",989,1122.41510555556,-133.415105555557
989,"R4","R4",1242,1805.21798333333,-563.217983333332
989,"R4","R4",1490,1983.24632777778,-493.246327777777
989,"R4","R4",1738,1814.26160555556,-76.2616055555554
989,"R4","R4",1980,2433.55314444444,-453.553144444443
989,"R4","R4",2496,2975.40621111111,-479.406211111109
989,"R4","R4",3103,3203.26628888889,-100.266288888889
989,"R4","R4",3434,3285.88497777779,148.115022222209
989,"R4","R4",4229,2815.03168888888,1413.96831111112
989,"R4","R4",4863,4739.08055555557,123.919444444434
989,"R4","R4",5200,4178.5247,1021.4753
1242,"R1","R1",0,89.4935666666666,-89.4935666666666
1242,"R1","R1",249,286.458161111111,-37.4581611111111
1242,"R1","R1",489,582.002838888889,-93.0028388888888
1242,"R1","R1",727,1021.53783333333,-294.537833333333
1242,"R1","R1",989,1306.48275555556,-317.482755555556
1242,"R1","R1",1242,2030.0799,-788.0799
1242,"R1","R2",1242,2228.07143888889,-986.071438888886
1242,"R1","R3",1242,1756.90573888888,-514.905738888885
1242,"R1","R4",1242,2274.8897,-1032.8897
1242,"R1","R5",1242,1733.00474444445,-491.004744444447
1242,"R1","R1",1490,1889.70443888889,-399.704438888887
1242,"R1","R1",1738,1445.18775,292.812249999999
1242,"R1","R1",1980,2381.92750555556,-401.927505555555
1242,"R1","R1",2224,3946.61750555556,-1722.61750555556
1242,"R1","R1",2496,3575.44080555555,-1079.44080555555
1242,"R1","R1",2784,2909.67903888889,-125.679038888891
1242,"R1","R1",3103,2628.63857222222,474.361427777779
1242,"R1","R1",3434,3291.30318888889,142.696811111106
1242,"R1","R1",3666,4084.78624444445,-418.786244444447
1242,"R1","R1",3962,4219.36435555555,-257.364355555552
1242,"R1","R1",4229,3827.28819999999,401.711800000005
1242,"R1","R1",4527,4198.94738333334,328.052616666661
1242,"R1","R1",4863,4296.30433888889,566.695661111111
1242,"R1","R1",5200,4382.59763888889,817.402361111113
1242,"R2","R2",0,51.5391944444445,-51.5391944444445
1242,"R2","R2",249,413.248638888888,-164.248638888888
1242,"R2","R2",489,484.186938888888,4.81306111111184
1242,"R2","R2",727,804.396194444444,-77.3961944444441
1242,"R2","R2",989,862.5747,126.4253
1242,"R2","R1",1242,2003.06265555556,-761.062655555556
1242,"R2","R2",1242,2130.39178888889,-888.391788888889
1242,"R2","R3",1242,1939.71785555555,-697.717855555555
1242,"R2","R4",1242,2140.36185,-898.361850000001
1242,"R2","R5",1242,1670.23142222222,-428.231422222223
1242,"R2","R2",1490,1768.13588333333,-278.135883333334
1242,"R2","R2",1738,1740.9229,-2.92290000000162
1242,"R2","R2",1980,2692.97637222222,-712.976372222224
1242,"R2","R2",2224,3123.33671666667,-899.336716666668
1242,"R2","R2",2496,3107.04728333334,-611.047283333337
1242,"R2","R2",2784,2619.66085555556,164.339144444445
1242,"R2","R2",3103,2946.14763888889,156.852361111113
1242,"R2","R2",3434,3717.36909444445,-283.369094444447
1242,"R2","R2",3666,3351.88309444445,314.116905555552
1242,"R2","R2",3962,4154.04689444444,-192.046894444445
1242,"R2","R2",4229,4568.47600555556,-339.476005555556
1242,"R2","R2",4527,3778.46745,748.532549999998
1242,"R2","R2",4863,4057.41055000001,805.589449999994
1242,"R2","R2",5200,3167.21829444444,2032.78170555556
1242,"R3","R3",0,146.599377777778,-146.599377777778
1242,"R3","R3",249,243.161666666667,5.83833333333325
1242,"R3","R3",489,471.820838888889,17.1791611111113
1242,"R3","R3",727,946.392288888889,-219.392288888889
1242,"R3","R3",989,922.787050000001,66.2129499999994
1242,"R3","R1",1242,2151.90651666667,-909.906516666669
1242,"R3","R2",1242,2075.17429444444,-833.174294444444
1242,"R3","R3",1242,2041.87001111111,-799.870011111113
1242,"R3","R4",1242,2134.14095555556,-892.140955555557
1242,"R3","R5",1242,1775.53408333333,-533.534083333335
1242,"R3","R3",1490,1482.87695555556,7.1230444444443
1242,"R3","R3",1738,1641.63890555556,96.3610944444447
1242,"R3","R3",1980,2088.27883888889,-108.278838888889
1242,"R3","R3",2224,3212.18656666666,-988.186566666663
1242,"R3","R3",2496,3029.71053888889,-533.710538888889
1242,"R3","R3",2784,2504.16514444445,279.834855555552
1242,"R3","R3",3103,3517.97047777778,-414.970477777782
1242,"R3","R3",3434,2974.32937777778,459.670622222224
1242,"R3","R3",3666,3530.84892222222,135.151077777777
1242,"R3","R3",3962,3402.01876111111,559.981238888888
1242,"R3","R3",4229,4043.47121666667,185.528783333328
1242,"R3","R3",4527,2338.84907222222,2188.15092777778
1242,"R3","R3",4863,3605.82286111111,1257.17713888889
1242,"R3","R3",5200,3941.15016666666,1258.84983333334
1242,"R4","R4",0,40.71735,-40.71735
1242,"R4","R4",249,217.39305,31.60695
1242,"R4","R4",489,641.943749999999,-152.943749999999
1242,"R4","R4",727,949.828183333333,-222.828183333333
1242,"R4","R4",989,1212.97938333333,-223.979383333333
1242,"R4","R1",1242,2349.35561666667,-1107.35561666667
1242,"R4","R2",1242,2269.16708888889,-1027.16708888889
1242,"R4","R3",1242,2203.45162222222,-961.451622222223
1242,"R4","R4",1242,2379.98446111111,-1137.98446111111
1242,"R4","R5",1242,1815.87030555555,-573.870305555553
1242,"R4","R4",1490,2394.62696111111,-904.626961111111
1242,"R4","R4",1738,2115.48180555555,-377.481805555555
1242,"R4","R4",1980,2468.2169,-488.216899999999
1242,"R4","R4",2496,2936.47717777778,-440.477177777778
1242,"R4","R4",3103,3251.86172777778,-148.861727777777
1242,"R4","R4",3434,3314.16457777778,119.835422222219
1242,"R4","R4",4229,3171.19267222222,1057.80732777778
1242,"R4","R4",4863,4721.26270555556,141.737294444441
1242,"R4","R4",5200,4177.15833888889,1022.84166111111
1242,"R5","R5",0,138.257683333333,-138.257683333333
1242,"R5","R5",249,289.217838888889,-40.2178388888889
1242,"R5","R5",489,978.122088888889,-489.122088888889
1242,"R5","R1",1242,2421.90902222222,-1179.90902222222
1242,"R5","R2",1242,2305.98216666667,-1063.98216666667
1242,"R5","R3",1242,2164.83862777777,-922.838627777775
1242,"R5","R4",1242,2349.50626666667,-1107.50626666667
1242,"R5","R5",1242,1749.36548333333,-507.365483333333
1242,"R5","R5",1738,2900.86072222222,-1162.86072222222
1242,"R5","R5",1980,2396.77567777778,-416.775677777775
1242,"R5","R5",4863,4279.6040388889,583.395961111104
1490,"R1","R1",0,99.6365333333334,-99.6365333333334
1490,"R1","R1",249,295.378011111111,-46.3780111111109
1490,"R1","R1",489,586.209738888889,-97.2097388888888
1490,"R1","R1",727,938.907855555556,-211.907855555556
1490,"R1","R1",989,1272.40357222222,-283.403572222224
1490,"R1","R1",1242,1586.82976666667,-344.829766666668
1490,"R1","R1",1490,2125.78838888889,-635.788388888888
1490,"R1","R2",1490,2218.23757222222,-728.237572222222
1490,"R1","R3",1490,1116.43627222222,373.563727777777
1490,"R1","R4",1490,1854.70192777778,-364.701927777779
1490,"R1","R1",1738,1332.46939444444,405.530605555557
1490,"R1","R1",1980,2564.95633888889,-584.956338888888
1490,"R1","R1",2224,3957.16004444444,-1733.16004444444
1490,"R1","R1",2496,3456.44298888889,-960.44298888889
1490,"R1","R1",2784,2976.48121666666,-192.481216666663
1490,"R1","R1",3103,2658.56250555555,444.437494444452
1490,"R1","R1",3434,3353.15958333334,80.8404166666642
1490,"R1","R1",3666,3969.97325,-303.973250000003
1490,"R1","R1",3962,4257.58972222222,-295.589722222219
1490,"R1","R1",4229,3861.19401111111,367.80598888889
1490,"R1","R1",4527,4146.38920555556,380.61079444444
1490,"R1","R1",4863,4304.70061111112,558.299388888882
1490,"R1","R1",5200,4419.27458333334,780.725416666664
1490,"R2","R2",0,42.4801777777778,-42.4801777777778
1490,"R2","R2",249,376.276427777778,-127.276427777778
1490,"R2","R2",489,474.461355555555,14.5386444444446
1490,"R2","R2",727,806.246822222222,-79.2468222222219
1490,"R2","R2",989,878.224111111112,110.775888888888
1490,"R2","R2",1242,1903.14927777778,-661.149277777778
1490,"R2","R1",1490,2180.44696111111,-690.446961111112
1490,"R2","R2",1490,2052.07712777778,-562.077127777779
1490,"R2","R3",1490,1093.68991666666,396.310083333335
1490,"R2","R4",1490,1795.29592777778,-305.29592777778
1490,"R2","R2",1738,1674.84898333333,63.1510166666653
1490,"R2","R2",1980,2638.69940555556,-658.699405555555
1490,"R2","R2",2224,3363.75532777778,-1139.75532777778
1490,"R2","R2",2496,3110.24287222222,-614.242872222222
1490,"R2","R2",2784,2574.30403333333,209.695966666668
1490,"R2","R2",3103,3014.15497777778,88.8450222222173
1490,"R2","R2",3434,3843.02278333334,-409.022783333337
1490,"R2","R2",3666,3353.66467777777,312.335322222227
1490,"R2","R2",3962,4135.77774444444,-173.777744444437
1490,"R2","R2",4229,4562.50232777778,-333.502327777778
1490,"R2","R2",4527,3776.91172777777,750.088272222232
1490,"R2","R2",4863,4042.23989444445,820.760105555555
1490,"R2","R2",5200,3181.28623333333,2018.71376666667
1490,"R3","R3",0,150.237333333333,-150.237333333333
1490,"R3","R3",249,243.787444444445,5.21255555555547
1490,"R3","R3",489,466.022627777777,22.9773722222225
1490,"R3","R3",727,980.778283333333,-253.778283333333
1490,"R3","R3",989,1143.94321111111,-154.943211111112
1490,"R3","R3",1242,1490.32019444444,-248.320194444445
1490,"R3","R1",1490,2238.40674444444,-748.406744444444
1490,"R3","R2",1490,2331.14625555555,-841.146255555554
1490,"R3","R3",1490,1180.86834444445,309.131655555555
1490,"R3","R4",1490,1817.62605,-327.62605
1490,"R3","R3",1738,1866.21495,-128.214950000002
1490,"R3","R3",1980,1820.54365,159.456349999999
1490,"R3","R3",2224,3180.71205,-956.712049999998
1490,"R3","R3",2496,3224.11818888889,-728.118188888886
1490,"R3","R3",2784,2203.35723888889,580.642761111111
1490,"R3","R3",3103,3540.96526666667,-437.965266666668
1490,"R3","R3",3434,2795.74098333333,638.25901666667
1490,"R3","R3",3666,3568.9665888889,97.0334111111033
1490,"R3","R3",3962,3360.93773888888,601.062261111115
1490,"R3","R3",4229,3860.00246666666,368.997533333335
1490,"R3","R3",4527,2380.63977222223,2146.36022777777
1490,"R3","R3",4863,3861.56557777778,1001.43442222222
1490,"R3","R3",5200,3955.95794444444,1244.04205555556
1490,"R4","R4",0,39.613561111111,-39.613561111111
1490,"R4","R4",249,230.966666666667,18.0333333333333
1490,"R4","R4",489,603.761922222222,-114.761922222222
1490,"R4","R4",727,856.412550000001,-129.412550000001
1490,"R4","R4",989,1222.09076111111,-233.090761111111
1490,"R4","R4",1242,1779.54807777778,-537.548077777778
1490,"R4","R1",1490,2129.94266666666,-639.942666666663
1490,"R4","R2",1490,2304.99013888889,-814.990138888887
1490,"R4","R3",1490,1193.11696666667,296.883033333333
1490,"R4","R4",1490,1873.28808888889,-383.288088888889
1490,"R4","R4",1738,1904.81829444444,-166.818294444443
1490,"R4","R4",1980,2552.27869444444,-572.278694444441
1490,"R4","R4",2496,3013.51862222222,-517.518622222221
1490,"R4","R4",3103,3247.4455,-144.445499999998
1490,"R4","R4",3434,3275.68733333333,158.312666666669
1490,"R4","R4",4229,2961.65502222222,1267.34497777778
1490,"R4","R4",4863,4724.57123333334,138.428766666657
1490,"R4","R4",5200,4130.88262222223,1069.11737777777
1738,"R1","R1",0,103.199044444444,-103.199044444444
1738,"R1","R1",249,285.368605555555,-36.3686055555555
1738,"R1","R1",489,598.301544444444,-109.301544444444
1738,"R1","R1",727,992.771294444445,-265.771294444445
1738,"R1","R1",989,1229.51119444444,-240.511194444444
1738,"R1","R1",1242,1682.83747777778,-440.837477777775
1738,"R1","R1",1490,1914.28436666667,-424.284366666666
1738,"R1","R1",1738,1265.47738888889,472.522611111112
1738,"R1","R2",1738,1488.45245555556,249.547544444443
1738,"R1","R3",1738,1672.55431111111,65.4456888888897
1738,"R1","R4",1738,1910.03393888889,-172.033938888887
1738,"R1","R5",1738,2502.35608888889,-764.356088888889
1738,"R1","R1",1980,2592.23095,-612.230949999999
1738,"R1","R1",2224,3892.41499444445,-1668.41499444445
1738,"R1","R1",2496,3650.38756111111,-1154.38756111111
1738,"R1","R1",2784,2943.59724444444,-159.597244444444
1738,"R1","R1",3103,2526.02319444444,576.976805555556
1738,"R1","R1",3434,3383.3719,50.628099999999
1738,"R1","R1",3666,4020.99024444445,-354.990244444449
1738,"R1","R1",3962,4191.86376111111,-229.863761111109
1738,"R1","R1",4229,3804.20261666667,424.797383333329
1738,"R1","R1",4527,4213.28857777779,313.711422222214
1738,"R1","R1",4863,4267.83739444445,595.162605555553
1738,"R1","R1",5200,4402.52970555555,797.470294444445
1738,"R2","R2",0,40.0732388888889,-40.0732388888889
1738,"R2","R2",249,350.219805555555,-101.219805555555
1738,"R2","R2",489,464.876444444445,24.1235555555553
1738,"R2","R2",727,782.684366666667,-55.684366666667
1738,"R2","R2",989,906.473783333335,82.5262166666654
1738,"R2","R2",1242,1954.89026111111,-712.890261111109
1738,"R2","R2",1490,1956.35366666666,-466.353666666664
1738,"R2","R1",1738,1340.24387777778,397.756122222222
1738,"R2","R2",1738,1412.20270555556,325.797294444444
1738,"R2","R3",1738,1390.77477222222,347.225227777777
1738,"R2","R4",1738,1944.80466111111,-206.80466111111
1738,"R2","R5",1738,2708.905,-970.904999999999
1738,"R2","R2",1980,2622.1454,-642.145399999998
1738,"R2","R2",2224,3423.21183888889,-1199.21183888889
1738,"R2","R2",2496,3030.47215555555,-534.472155555553
1738,"R2","R2",2784,2678.3322,105.667800000004
1738,"R2","R2",3103,2923.07949444444,179.920505555557
1738,"R2","R2",3434,3909.43450555555,-475.434505555555
1738,"R2","R2",3666,3436.64210000001,229.357899999992
1738,"R2","R2",3962,4167.75714444444,-205.757144444443
1738,"R2","R2",4229,4543.80739444444,-314.80739444444
1738,"R2","R2",4527,3850.98707222222,676.012927777784
1738,"R2","R2",4863,4043.07085555556,819.929144444444
1738,"R2","R2",5200,3222.66061666667,1977.33938333333
1738,"R3","R3",0,169.033683333333,-169.033683333333
1738,"R3","R3",249,244.292438888889,4.70756111111115
1738,"R3","R3",489,460.020338888889,28.9796611111113
1738,"R3","R3",727,810.140477777779,-83.1404777777786
1738,"R3","R3",989,914.811205555555,74.1887944444447
1738,"R3","R3",1242,1493.38648333333,-251.386483333333
1738,"R3","R3",1490,1170.28973888889,319.71026111111
1738,"R3","R1",1738,1314.11080555555,423.889194444445
1738,"R3","R2",1738,1281.78648888889,456.213511111111
1738,"R3","R3",1738,1683.85282777778,54.1471722222225
1738,"R3","R4",1738,1535.88128333333,202.118716666669
1738,"R3","R5",1738,2183.83890555556,-445.838905555556
1738,"R3","R3",1980,1683.90891666667,296.091083333331
1738,"R3","R3",2224,3191.08303333334,-967.083033333336
1738,"R3","R3",2496,3088.25143888889,-592.251438888889
1738,"R3","R3",2784,2142.62008888889,641.379911111113
1738,"R3","R3",3103,3510.43461666666,-407.434616666664
1738,"R3","R3",3434,2901.62322222222,532.376777777778
1738,"R3","R3",3666,3612.29506111112,53.70493888888
1738,"R3","R3",3962,3332.36896111111,629.63103888889
1738,"R3","R3",4229,4017.14508333334,211.854916666662
1738,"R3","R3",4527,2498.85162222222,2028.14837777778
1738,"R3","R3",4863,3848.03562222222,1014.96437777778
1738,"R3","R3",5200,3911.87299444444,1288.12700555556
1738,"R4","R4",0,34.3079555555555,-34.3079555555555
1738,"R4","R4",249,223.69215,25.3078499999999
1738,"R4","R4",489,634.059244444445,-145.059244444445
1738,"R4","R4",727,869.744055555556,-142.744055555556
1738,"R4","R4",989,1048.1132,-59.1131999999989
1738,"R4","R4",1242,1822.60705555556,-580.607055555557
1738,"R4","R4",1490,1858.33211111111,-368.332111111112
1738,"R4","R1",1738,1390.30734444445,347.692655555554
1738,"R4","R2",1738,1402.87531666667,335.124683333335
1738,"R4","R3",1738,1633.54422777778,104.455772222223
1738,"R4","R4",1738,1890.18562222222,-152.185622222222
1738,"R4","R5",1738,2507.5328,-769.5328
1738,"R4","R4",1980,2415.81915,-435.819150000001
1738,"R4","R4",2496,2997.02941666667,-501.029416666668
1738,"R4","R4",3103,3152.70695,-49.7069500000043
1738,"R4","R4",3434,3292.69082222223,141.309177777774
1738,"R4","R4",4229,2951.4441,1277.5559
1738,"R4","R4",4863,4729.64840555557,133.351594444433
1738,"R4","R4",5200,4162.76245555556,1037.23754444444
1738,"R5","R5",0,124.761183333333,-124.761183333333
1738,"R5","R5",249,296.989861111111,-47.9898611111112
1738,"R5","R5",489,850.991711111111,-361.991711111111
1738,"R5","R5",1242,1556.83081111111,-314.83081111111
1738,"R5","R1",1738,1298.59682777778,439.403172222224
1738,"R5","R2",1738,1428.64753888889,309.352461111113
1738,"R5","R3",1738,1565.21591666667,172.784083333333
1738,"R5","R4",1738,1726.08591111111,11.9140888888892
1738,"R5","R5",1738,2695.1508,-957.150799999998
1738,"R5","R5",1980,2270.88905,-290.889049999996
1738,"R5","R5",4863,4270.41647222222,592.58352777778
1980,"R1","R1",0,89.7900555555556,-89.7900555555556
1980,"R1","R1",249,291.766122222222,-42.7661222222222
1980,"R1","R1",489,587.096544444444,-98.0965444444445
1980,"R1","R1",727,1022.34648333333,-295.346483333334
1980,"R1","R1",989,1307.38559444445,-318.385594444447
1980,"R1","R1",1242,1564.34027777778,-322.340277777779
1980,"R1","R1",1490,1936.15936111111,-446.159361111111
1980,"R1","R1",1738,1305.02595,432.974049999999
1980,"R1","R1",1980,2421.25993888889,-441.259938888887
1980,"R1","R2",1980,2546.27215555555,-566.272155555551
1980,"R1","R3",1980,1700.71035,279.289649999999
1980,"R1","R4",1980,2587.86117222222,-607.861172222219
1980,"R1","R5",1980,2132.92410555555,-152.924105555554
1980,"R1","R1",2224,3990.53496666666,-1766.53496666666
1980,"R1","R1",2496,3489.46635555556,-993.466355555555
1980,"R1","R1",2784,3001.37354444444,-217.373544444436
1980,"R1","R1",3103,2657.59269444444,445.407305555558
1980,"R1","R1",3434,3277.64548333333,156.354516666671
1980,"R1","R1",3666,3990.18083333333,-324.18083333333
1980,"R1","R1",3962,4178.14118888889,-216.141188888891
1980,"R1","R1",4229,3831.10991111111,397.89008888889
1980,"R1","R1",4527,4220.80319999999,306.196800000005
1980,"R1","R1",4863,4242.51714444445,620.482855555553
1980,"R1","R1",5200,4389.88812777777,810.111872222228
1980,"R2","R2",0,51.2851333333333,-51.2851333333333
1980,"R2","R2",249,408.990433333333,-159.990433333333
1980,"R2","R2",489,482.298388888889,6.70161111111094
1980,"R2","R2",727,823.637983333333,-96.6379833333331
1980,"R2","R2",989,901.241905555556,87.7580944444436
1980,"R2","R2",1242,1872.77446666666,-630.774466666664
1980,"R2","R2",1490,1924.15718333333,-434.157183333333
1980,"R2","R2",1738,1616.20883333333,121.791166666668
1980,"R2","R1",1980,2349.10386666667,-369.103866666667
1980,"R2","R2",1980,2662.72359444445,-682.723594444446
1980,"R2","R3",1980,1834.79827222222,145.201727777777
1980,"R2","R4",1980,2540.88483888889,-560.884838888889
1980,"R2","R5",1980,2197.04731666667,-217.047316666667
1980,"R2","R2",2224,3277.04340555555,-1053.04340555555
1980,"R2","R2",2496,3052.75435,-556.754349999995
1980,"R2","R2",2784,2578.61302777778,205.386972222222
1980,"R2","R2",3103,2981.97690555555,121.023094444447
1980,"R2","R2",3434,3821.75788888889,-387.757888888892
1980,"R2","R2",3666,3433.10377222222,232.89622777778
1980,"R2","R2",3962,4137.16008888889,-175.160088888887
1980,"R2","R2",4229,4583.88574444444,-354.885744444444
1980,"R2","R2",4527,3772.5838,754.416199999997
1980,"R2","R2",4863,4090.05884444445,772.94115555555
1980,"R2","R2",5200,3222.72513333333,1977.27486666667
1980,"R3","R3",0,153.881855555556,-153.881855555556
1980,"R3","R3",249,244.216361111111,4.78363888888879
1980,"R3","R3",489,486.722405555556,2.27759444444433
1980,"R3","R3",727,908.573127777777,-181.573127777777
1980,"R3","R3",989,962.001544444444,26.9984555555565
1980,"R3","R3",1242,1423.27766666667,-181.277666666666
1980,"R3","R3",1490,1154.70725,335.29275
1980,"R3","R3",1738,1648.85407222222,89.1459277777781
1980,"R3","R1",1980,2404.22076111111,-424.220761111112
1980,"R3","R2",1980,2635.90952777778,-655.909527777777
1980,"R3","R3",1980,1656.8294,323.170599999997
1980,"R3","R4",1980,2702.82749444444,-722.827494444442
1980,"R3","R5",1980,1863.1597,116.8403
1980,"R3","R3",2224,3329.05585555556,-1105.05585555556
1980,"R3","R3",2496,3244.04273888889,-748.042738888887
1980,"R3","R3",2784,2141.24891666667,642.751083333334
1980,"R3","R3",3103,3488.27902222222,-385.279022222217
1980,"R3","R3",3434,3108.99327777778,325.006722222216
1980,"R3","R3",3666,3621.17589444445,44.8241055555491
1980,"R3","R3",3962,3342.06858888889,619.931411111113
1980,"R3","R3",4229,4006.58633888889,222.413661111107
1980,"R3","R3",4527,2341.76487777778,2185.23512222222
1980,"R3","R3",4863,3734.78262222223,1128.21737777777
1980,"R3","R3",5200,3966.06761111111,1233.93238888889
1980,"R4","R4",0,40.5272555555555,-40.5272555555555
1980,"R4","R4",249,218.221511111111,30.7784888888889
1980,"R4","R4",489,641.140699999999,-152.140699999999
1980,"R4","R4",727,968.957144444446,-241.957144444446
1980,"R4","R4",989,1162.73061111111,-173.730611111112
1980,"R4","R4",1242,1882.70020555555,-640.700205555554
1980,"R4","R4",1490,1906.24864444445,-416.248644444446
1980,"R4","R4",1738,2008.48894444444,-270.488944444442
1980,"R4","R1",1980,2430.18998888888,-450.189988888885
1980,"R4","R2",1980,2589.58386666666,-609.583866666662
1980,"R4","R3",1980,2062.14391666667,-82.1439166666669
1980,"R4","R4",1980,2636.61409444444,-656.614094444442
1980,"R4","R5",1980,2204.14807777778,-224.14807777778
1980,"R4","R4",2496,3068.93977222222,-572.93977222222
1980,"R4","R4",3103,3155.4156,-52.4155999999957
1980,"R4","R4",3434,3313.90967777778,120.09032222222
1980,"R4","R4",4229,3063.17435,1165.82565
1980,"R4","R4",4863,4719.75285555556,143.24714444444
1980,"R4","R4",5200,4125.44452222222,1074.55547777778
1980,"R5","R5",0,131.065933333333,-131.065933333333
1980,"R5","R5",249,282.350327777778,-33.3503277777778
1980,"R5","R5",489,863.314505555555,-374.314505555555
1980,"R5","R5",1242,1495.60176666667,-253.60176666667
1980,"R5","R5",1738,2889.10077777777,-1151.10077777777
1980,"R5","R1",1980,2460.34822777778,-480.348227777779
1980,"R5","R2",1980,2695.35726111111,-715.35726111111
1980,"R5","R3",1980,1770.68893333334,209.311066666665
1980,"R5","R4",1980,2621.08102777777,-641.081027777774
1980,"R5","R5",1980,2460.72187222222,-480.721872222217
1980,"R5","R5",4863,4302.95118888889,560.048811111105
2224,"R1","R1",0,125.767494444444,-125.767494444444
2224,"R1","R1",249,292.557438888889,-43.5574388888888
2224,"R1","R1",489,597.155372222222,-108.155372222222
2224,"R1","R1",727,990.250133333333,-263.250133333333
2224,"R1","R1",989,1298.09116111111,-309.09116111111
2224,"R1","R1",1242,1579.48029444445,-337.480294444446
2224,"R1","R1",1490,2050.10762777778,-560.107627777779
2224,"R1","R1",1738,1317.34708888889,420.65291111111
2224,"R1","R1",1980,2627.94008333333,-647.940083333335
2224,"R1","R1",2224,4214.75825000001,-1990.75825000001
2224,"R1","R2",2224,3700.22458888889,-1476.22458888889
2224,"R1","R3",2224,2922.68522777778,-698.685227777777
2224,"R1","R1",2496,3453.01245,-957.012450000003
2224,"R1","R1",2784,2896.86880555555,-112.868805555555
2224,"R1","R1",3103,2615.45365555556,487.546344444445
2224,"R1","R1",3434,3551.50703888889,-117.50703888889
2224,"R1","R1",3666,4148.80229444445,-482.80229444445
2224,"R1","R1",3962,4241.50215555556,-279.502155555558
2224,"R1","R1",4229,3817.36079444445,411.639205555554
2224,"R1","R1",4527,4238.23721666667,288.76278333333
2224,"R1","R1",4863,4334.43253333334,528.56746666666
2224,"R1","R1",5200,4564.58872777778,635.41127222222
2224,"R2","R2",0,52.1537333333333,-52.1537333333333
2224,"R2","R2",249,378.976055555555,-129.976055555555
2224,"R2","R2",489,468.972733333333,20.0272666666665
2224,"R2","R2",727,807.067672222222,-80.0676722222216
2224,"R2","R2",989,854.568022222222,134.431977777778
2224,"R2","R2",1242,1873.80871111111,-631.808711111113
2224,"R2","R2",1490,1888.72648333333,-398.726483333335
2224,"R2","R2",1738,1642.56441666667,95.4355833333336
2224,"R2","R2",1980,2724.95138888889,-744.951388888891
2224,"R2","R1",2224,4408.44645555556,-2184.44645555556
2224,"R2","R2",2224,3701.40267222223,-1477.40267222223
2224,"R2","R3",2224,3026.51587777778,-802.515877777777
2224,"R2","R2",2496,3178.95068333333,-682.950683333332
2224,"R2","R2",2784,2511.42651111111,272.573488888891
2224,"R2","R2",3103,3105.98965,-2.98964999999907
2224,"R2","R2",3434,3720.06646111111,-286.066461111111
2224,"R2","R2",3666,3342.00545555556,323.99454444444
2224,"R2","R2",3962,4158.28311111111,-196.283111111109
2224,"R2","R2",4229,4570.76755555556,-341.767555555558
2224,"R2","R2",4527,3887.50433888889,639.495661111113
2224,"R2","R2",4863,4043.3511,819.648899999996
2224,"R2","R2",5200,3453.28957222222,1746.71042777778
2224,"R3","R3",0,190.804566666667,-190.804566666667
2224,"R3","R3",249,241.305161111111,7.69483888888888
2224,"R3","R3",489,475.404333333333,13.5956666666666
2224,"R3","R3",727,915.491072222224,-188.491072222224
2224,"R3","R3",989,927.676511111111,61.3234888888891
2224,"R3","R3",1242,1450.95288888889,-208.952888888891
2224,"R3","R3",1490,1193.07258888889,296.92741111111
2224,"R3","R3",1738,1772.48572222222,-34.4857222222224
2224,"R3","R3",1980,1706.58768888889,273.412311111111
2224,"R3","R1",2224,4229.23716111111,-2005.23716111111
2224,"R3","R2",2224,3424.91730000001,-1200.91730000001
2224,"R3","R3",2224,3295.51896111111,-1071.51896111111
2224,"R3","R3",2496,3232.31340555556,-736.313405555556
2224,"R3","R3",2784,2246.41761666667,537.582383333331
2224,"R3","R3",3103,3891.04756666667,-788.047566666671
2224,"R3","R3",3434,2980.13871666667,453.861283333334
2224,"R3","R3",3666,3696.04347222223,-30.043472222228
2224,"R3","R3",3962,3153.70755555556,808.292444444443
2224,"R3","R3",4229,4117.92098333334,111.079016666665
2224,"R3","R3",4527,2386.46540555556,2140.53459444444
2224,"R3","R3",4863,4021.3382,841.6618
2224,"R3","R3",5200,4261.09926666667,938.90073333333
2496,"R1","R1",0,96.3637666666667,-96.3637666666667
2496,"R1","R1",249,280.501222222222,-31.5012222222222
2496,"R1","R1",489,592.751311111112,-103.751311111112
2496,"R1","R1",727,996.087661111111,-269.087661111111
2496,"R1","R1",989,1322.43428888889,-333.434288888889
2496,"R1","R1",1242,1592.03133333333,-350.031333333333
2496,"R1","R1",1490,2038.49667777778,-548.496677777776
2496,"R1","R1",1738,1335.18947222222,402.810527777779
2496,"R1","R1",1980,2397.37517222222,-417.375172222225
2496,"R1","R1",2224,4018.71410555555,-1794.71410555555
2496,"R1","R1",2496,3422.84686666667,-926.846866666669
2496,"R1","R2",2496,3125.01519444444,-629.015194444445
2496,"R1","R3",2496,3486.12478333333,-990.124783333328
2496,"R1","R4",2496,2905.56913888889,-409.569138888891
2496,"R1","R1",2784,3034.52875555555,-250.528755555555
2496,"R1","R1",3103,2550.78168333333,552.218316666671
2496,"R1","R1",3434,3308.02407222222,125.975927777782
2496,"R1","R1",3666,4004.56037777777,-338.560377777773
2496,"R1","R1",3962,4112.61258333334,-150.612583333336
2496,"R1","R1",4229,3966.62053333334,262.379466666665
2496,"R1","R1",4527,4185.05845,341.941549999997
2496,"R1","R1",4863,4227.21980555556,635.780194444437
2496,"R1","R1",5200,4420.18049444444,779.819505555563
2496,"R2","R2",0,41.5795833333333,-41.5795833333333
2496,"R2","R2",249,393.353133333334,-144.353133333334
2496,"R2","R2",489,480.225,8.77499999999992
2496,"R2","R2",727,815.828533333333,-88.8285333333333
2496,"R2","R2",989,878.984161111111,110.015838888889
2496,"R2","R2",1242,1866.19151111111,-624.191511111111
2496,"R2","R2",1490,1926.67660555556,-436.676605555555
2496,"R2","R2",1738,1680.83792777778,57.1620722222212
2496,"R2","R2",1980,2699.19778333333,-719.197783333331
2496,"R2","R2",2224,3462.60972222222,-1238.60972222222
2496,"R2","R1",2496,3177.30079444445,-681.300794444446
2496,"R2","R2",2496,3179.77652222222,-683.77652222222
2496,"R2","R3",2496,3369.3929,-873.392900000003
2496,"R2","R4",2496,3015.08595,-519.08595
2496,"R2","R2",2784,2387.0626,396.937399999998
2496,"R2","R2",3103,3107.43713333334,-4.43713333333608
2496,"R2","R2",3434,3877.34549444445,-443.345494444449
2496,"R2","R2",3666,3379.68034444444,286.319655555555
2496,"R2","R2",3962,4254.72098333333,-292.720983333333
2496,"R2","R2",4229,4537.48812222223,-308.48812222223
2496,"R2","R2",4527,3796.46538888889,730.534611111114
2496,"R2","R2",4863,4245.71837777779,617.281622222211
2496,"R2","R2",5200,3219.86566111111,1980.13433888889
2496,"R3","R3",0,135.15125,-135.15125
2496,"R3","R3",249,243.739083333333,5.26091666666679
2496,"R3","R3",489,474.859588888889,14.1404111111106
2496,"R3","R3",727,930.568883333334,-203.568883333334
2496,"R3","R3",989,1016.32405,-27.3240500000003
2496,"R3","R3",1242,1466.81353888889,-224.81353888889
2496,"R3","R3",1490,1185.81853888889,304.181461111111
2496,"R3","R3",1738,1741.24797777778,-3.24797777777621
2496,"R3","R3",1980,1723.62055,256.379449999998
2496,"R3","R3",2224,3372.17430555556,-1148.17430555556
2496,"R3","R1",2496,2836.80792777778,-340.80792777778
2496,"R3","R2",2496,3221.63340555556,-725.633405555558
2496,"R3","R3",2496,3229.23473888889,-733.234738888887
2496,"R3","R4",2496,3443.84901666667,-947.849016666665
2496,"R3","R3",2784,2379.7771,404.222899999997
2496,"R3","R3",3103,3530.93792222222,-427.937922222219
2496,"R3","R3",3434,3013.21272777777,420.787272222226
2496,"R3","R3",3666,3566.43696111111,99.5630388888867
2496,"R3","R3",3962,3298.95083333333,663.049166666667
2496,"R3","R3",4229,4027.34755555555,201.652444444447
2496,"R3","R3",4527,2250.15811111111,2276.84188888889
2496,"R3","R3",4863,3800.96935,1062.03065
2496,"R3","R3",5200,3879.84568333333,1320.15431666667
2496,"R4","R4",0,46.2447555555555,-46.2447555555555
2496,"R4","R4",249,231.947088888889,17.0529111111112
2496,"R4","R4",489,626.027538888889,-137.027538888889
2496,"R4","R4",727,952.162327777778,-225.162327777778
2496,"R4","R4",989,1177.52369444445,-188.523694444445
2496,"R4","R4",1242,1882.54407777778,-640.544077777776
2496,"R4","R4",1490,1907.85614444444,-417.856144444445
2496,"R4","R4",1738,1881.11569444444,-143.115694444441
2496,"R4","R4",1980,2465.66756666667,-485.667566666666
2496,"R4","R1",2496,3221.94492222222,-725.944922222219
2496,"R4","R2",2496,3138.50767222222,-642.507672222221
2496,"R4","R3",2496,3371.24499444444,-875.244994444439
2496,"R4","R4",2496,3022.97782222222,-526.977822222224
2496,"R4","R4",3103,3161.06787222222,-58.0678722222228
2496,"R4","R4",3434,3341.48782222222,92.5121777777777
2496,"R4","R4",4229,3060.74648888889,1168.25351111111
2496,"R4","R4",4863,4727.38221666667,135.617783333329
2496,"R4","R4",5200,4150.80748888889,1049.19251111111
2784,"R1","R1",0,102.670688888889,-102.670688888889
2784,"R1","R1",249,287.81965,-38.8196499999999
2784,"R1","R1",489,592.189155555556,-103.189155555556
2784,"R1","R1",727,991.663216666667,-264.663216666667
2784,"R1","R1",989,1315.93648888889,-326.936488888889
2784,"R1","R1",1242,1565.64897222222,-323.648972222222
2784,"R1","R1",1490,1993.33766666666,-503.337666666665
2784,"R1","R1",1738,1268.91635,469.083650000001
2784,"R1","R1",1980,2423.55649444444,-443.556494444443
2784,"R1","R1",2224,4000.65806111111,-1776.65806111111
2784,"R1","R1",2496,3266.68471111111,-770.684711111113
2784,"R1","R1",2784,2848.29413888889,-64.2941388888876
2784,"R1","R2",2784,2314.05030555556,469.949694444444
2784,"R1","R3",2784,2061.68914444444,722.310855555555
2784,"R1","R1",3103,2608.01922777778,494.980772222222
2784,"R1","R1",3434,3247.01241111112,186.987588888884
2784,"R1","R1",3666,4053.91903333333,-387.919033333333
2784,"R1","R1",3962,4167.52173333334,-205.521733333337
2784,"R1","R1",4229,3786.24328333333,442.756716666666
2784,"R1","R1",4527,4172.08483333333,354.915166666669
2784,"R1","R1",4863,4251.2373888889,611.762611111102
2784,"R1","R1",5200,4429.09586111111,770.904138888888
2784,"R2","R2",0,43.8117833333334,-43.8117833333334
2784,"R2","R2",249,371.282294444444,-122.282294444444
2784,"R2","R2",489,471.628061111111,17.371938888889
2784,"R2","R2",727,803.9712,-76.9712000000002
2784,"R2","R2",989,873.91183888889,115.08816111111
2784,"R2","R2",1242,1769.65433333333,-527.654333333334
2784,"R2","R2",1490,1959.7359,-469.735900000001
2784,"R2","R2",1738,1621.88795555556,116.112044444445
2784,"R2","R2",1980,2644.01229444444,-664.012294444444
2784,"R2","R2",2224,3392.20014444444,-1168.20014444444
2784,"R2","R2",2496,3017.40001111111,-521.400011111107
2784,"R2","R1",2784,2742.91939444444,41.0806055555563
2784,"R2","R2",2784,2432.27745555556,351.722544444442
2784,"R2","R3",2784,2012.42385555556,771.576144444443
2784,"R2","R2",3103,2961.68386666666,141.316133333336
2784,"R2","R2",3434,3734.24070555556,-300.240705555561
2784,"R2","R2",3666,3330.46257222222,335.53742777778
2784,"R2","R2",3962,4172.3362,-210.336199999997
2784,"R2","R2",4229,4529.29601666667,-300.296016666673
2784,"R2","R2",4527,3770.89904444445,756.100955555554
2784,"R2","R2",4863,4072.81774444445,790.18225555555
2784,"R2","R2",5200,3211.67478333333,1988.32521666667
2784,"R3","R3",0,158.597427777778,-158.597427777778
2784,"R3","R3",249,241.795233333333,7.20476666666667
2784,"R3","R3",489,465.502255555556,23.4977444444445
2784,"R3","R3",727,935.720733333334,-208.720733333334
2784,"R3","R3",989,997.271005555558,-8.27100555555796
2784,"R3","R3",1242,1506.32405,-264.32405
2784,"R3","R3",1490,1213.3269,276.673100000001
2784,"R3","R3",1738,1774.00726666667,-36.0072666666656
2784,"R3","R3",1980,1706.58896666667,273.411033333334
2784,"R3","R3",2224,3234.30773888889,-1010.30773888889
2784,"R3","R3",2496,3103.55813333334,-607.558133333336
2784,"R3","R1",2784,2440.94561666667,343.054383333333
2784,"R3","R2",2784,2270.20015555555,513.799844444445
2784,"R3","R3",2784,2146.62584444444,637.374155555558
2784,"R3","R3",3103,3506.59750555555,-403.597505555551
2784,"R3","R3",3434,2931.14821111111,502.851788888886
2784,"R3","R3",3666,3532.12045000001,133.879549999991
2784,"R3","R3",3962,2828.37326111111,1133.62673888889
2784,"R3","R3",4229,3954.63178888889,274.368211111113
2784,"R3","R3",4527,2309.58799444445,2217.41200555555
2784,"R3","R3",4863,3814.28384444445,1048.71615555555
2784,"R3","R3",5200,3942.14709999999,1257.85290000001
3103,"R1","R1",0,99.035238888889,-99.035238888889
3103,"R1","R1",249,297.582822222222,-48.582822222222
3103,"R1","R1",489,599.713722222222,-110.713722222222
3103,"R1","R1",727,999.782088888888,-272.782088888888
3103,"R1","R1",989,1323.10907222222,-334.109072222222
3103,"R1","R1",1242,1612.20057777778,-370.200577777779
3103,"R1","R1",1490,1952.47603888889,-462.47603888889
3103,"R1","R1",1738,1336.71197222222,401.288027777777
3103,"R1","R1",1980,2440.53772777778,-460.53772777778
3103,"R1","R1",2224,4037.06026666667,-1813.06026666667
3103,"R1","R1",2496,3426.72694444445,-930.726944444449
3103,"R1","R1",2784,2957.39489444444,-173.394894444443
3103,"R1","R1",3103,2533.68359444444,569.316405555559
3103,"R1","R2",3103,2838.60018333333,264.399816666668
3103,"R1","R3",3103,3611.2598,-508.259800000003
3103,"R1","R4",3103,3143.67822777778,-40.6782277777797
3103,"R1","R1",3434,3312.11729444445,121.882705555551
3103,"R1","R1",3666,4021.31741111111,-355.317411111114
3103,"R1","R1",3962,4153.84491111111,-191.84491111111
3103,"R1","R1",4229,3817.3246,411.675400000001
3103,"R1","R1",4527,4151.80601666667,375.193983333333
3103,"R1","R1",4863,4252.83953888889,610.160461111114
3103,"R1","R1",5200,4459.52736666666,740.472633333337
3103,"R2","R2",0,54.4211166666667,-54.4211166666667
3103,"R2","R2",249,397.819738888889,-148.819738888889
3103,"R2","R2",489,472.758022222223,16.2419777777774
3103,"R2","R2",727,812.958299999999,-85.9582999999989
3103,"R2","R2",989,891.244722222221,97.7552777777788
3103,"R2","R2",1242,1868.50825555555,-626.508255555553
3103,"R2","R2",1490,1829.33318333333,-339.333183333333
3103,"R2","R2",1738,1650.79465,87.2053500000009
3103,"R2","R2",1980,2580.12586666667,-600.125866666668
3103,"R2","R2",2224,3361.91258333334,-1137.91258333334
3103,"R2","R2",2496,3198.90139444444,-702.901394444444
3103,"R2","R2",2784,2384.48363333333,399.516366666669
3103,"R2","R1",3103,2651.87585,451.124150000001
3103,"R2","R2",3103,3053.16836111111,49.8316388888893
3103,"R2","R3",3103,3206.73306111111,-103.733061111111
3103,"R2","R4",3103,3262.23171666667,-159.231716666667
3103,"R2","R2",3434,3721.68275,-287.68275
3103,"R2","R2",3666,3373.21206666667,292.787933333332
3103,"R2","R2",3962,4241.63675555555,-279.636755555553
3103,"R2","R2",4229,4543.94883888889,-314.948838888888
3103,"R2","R2",4527,3714.82282222222,812.17717777778
3103,"R2","R2",4863,3980.31237222223,882.687627777771
3103,"R2","R2",5200,3276.80093333333,1923.19906666667
3103,"R3","R3",0,167.901277777778,-167.901277777778
3103,"R3","R3",249,240.927783333333,8.07221666666661
3103,"R3","R3",489,493.530277777778,-4.53027777777754
3103,"R3","R3",727,946.734638888888,-219.734638888888
3103,"R3","R3",989,988.239911111112,0.760088888887935
3103,"R3","R3",1242,1453.08247222222,-211.082472222224
3103,"R3","R3",1490,1177.87700555556,312.122994444443
3103,"R3","R3",1738,1752.01616111111,-14.0161611111093
3103,"R3","R3",1980,1709.65457777778,270.345422222224
3103,"R3","R3",2224,3335.76150555555,-1111.76150555555
3103,"R3","R3",2496,3181.59312777777,-685.593127777775
3103,"R3","R3",2784,2232.61183333333,551.388166666668
3103,"R3","R1",3103,2869.09348333333,233.906516666672
3103,"R3","R2",3103,3228.91141111111,-125.911411111107
3103,"R3","R3",3103,3657.09706111111,-554.097061111113
3103,"R3","R4",3103,3277.20756666666,-174.207566666663
3103,"R3","R3",3434,2932.15431666666,501.845683333338
3103,"R3","R3",3666,3529.77554444445,136.224455555554
3103,"R3","R3",3962,3174.32476666667,787.675233333332
3103,"R3","R3",4229,3961.4266388889,267.573361111103
3103,"R3","R3",4527,2266.64133888889,2260.35866111111
3103,"R3","R3",4863,3768.99794444445,1094.00205555555
3103,"R3","R3",5200,3865.76694444445,1334.23305555555
3103,"R4","R4",0,43.2390833333333,-43.2390833333333
3103,"R4","R4",249,238.992972222222,10.0070277777779
3103,"R4","R4",489,626.484066666667,-137.484066666667
3103,"R4","R4",727,975.7923,-248.7923
3103,"R4","R4",989,1184.32469444444,-195.324694444444
3103,"R4","R4",1242,1841.57721111111,-599.577211111113
3103,"R4","R4",1490,1916.04193888889,-426.041938888891
3103,"R4","R4",1738,1920.88998888889,-182.889988888887
3103,"R4","R4",1980,2412.53116666667,-432.531166666666
3103,"R4","R4",2496,2913.7285,-417.7285
3103,"R4","R1",3103,2717.69976111111,385.300238888892
3103,"R4","R2",3103,2910.93807222222,192.061927777777
3103,"R4","R3",3103,3433.78822222223,-330.788222222227
3103,"R4","R4",3103,3062.09428333334,40.905716666663
3103,"R4","R4",3434,3401.05164444445,32.9483555555485
3103,"R4","R4",4229,2943.92802222222,1285.07197777778
3103,"R4","R4",4863,4718.49005555556,144.509944444443
3103,"R4","R4",5200,4198.90227222222,1001.09772777778
3434,"R1","R1",0,111.313577777778,-111.313577777778
3434,"R1","R1",249,281.91055,-32.9105499999997
3434,"R1","R1",489,598.791461111112,-109.791461111112
3434,"R1","R1",727,997.112688888889,-270.112688888889
3434,"R1","R1",989,1347.39008333333,-358.390083333334
3434,"R1","R1",1242,1639.79243333334,-397.792433333336
3434,"R1","R1",1490,1952.52816111111,-462.528161111109
3434,"R1","R1",1738,1346.94552777778,391.054472222222
3434,"R1","R1",1980,2270.32227777778,-290.32227777778
3434,"R1","R1",2224,4023.39625555556,-1799.39625555556
3434,"R1","R1",2496,3390.98868333333,-894.988683333333
3434,"R1","R1",2784,2935.60270555555,-151.602705555553
3434,"R1","R1",3103,2531.85282777778,571.147172222224
3434,"R1","R1",3434,3268.08598888889,165.914011111114
3434,"R1","R2",3434,3493.23558888888,-59.2355888888819
3434,"R1","R3",3434,2853.87318333333,580.126816666665
3434,"R1","R4",3434,3592.14850555555,-158.148505555549
3434,"R1","R1",3666,3970.46857222222,-304.468572222216
3434,"R1","R1",3962,4200.51775555555,-238.517755555555
3434,"R1","R1",4229,3808.11961111111,420.880388888886
3434,"R1","R1",4527,4174.29690555556,352.703094444444
3434,"R1","R1",4863,4256.29818333333,606.701816666666
3434,"R1","R1",5200,4396.54557222222,803.45442777778
3434,"R2","R2",0,44.9095666666666,-44.9095666666666
3434,"R2","R2",249,382.327877777778,-133.327877777778
3434,"R2","R2",489,468.748111111111,20.2518888888887
3434,"R2","R2",727,812.648566666666,-85.6485666666656
3434,"R2","R2",989,881.336616666667,107.663383333333
3434,"R2","R2",1242,1839.84421111111,-597.844211111111
3434,"R2","R2",1490,1846.23502222222,-356.23502222222
3434,"R2","R2",1738,1612.4846,125.515400000002
3434,"R2","R2",1980,2579.30474444444,-599.304744444442
3434,"R2","R2",2224,3380.45432222222,-1156.45432222222
3434,"R2","R2",2496,3066.01002777778,-570.010027777779
3434,"R2","R2",2784,2514.68709444444,269.31290555556
3434,"R2","R2",3103,2875.24595,227.754050000001
3434,"R2","R1",3434,2740.85943333333,693.14056666667
3434,"R2","R2",3434,3746.32662777778,-312.326627777783
3434,"R2","R3",3434,2543.57115555555,890.428844444448
3434,"R2","R4",3434,3268.19998888888,165.800011111117
3434,"R2","R2",3666,3201.05320555555,464.946794444448
3434,"R2","R2",3962,4137.13188333333,-175.131883333333
3434,"R2","R2",4229,4561.83239444445,-332.83239444445
3434,"R2","R2",4527,3808.17306666666,718.826933333336
3434,"R2","R2",4863,3904.63952777779,958.360472222214
3434,"R2","R2",5200,3221.29498888889,1978.70501111111
3434,"R3","R3",0,163.316861111111,-163.316861111111
3434,"R3","R3",249,240.572266666667,8.42773333333315
3434,"R3","R3",489,471.954938888889,17.045061111111
3434,"R3","R3",727,942.707616666667,-215.707616666667
3434,"R3","R3",989,942.612511111113,46.3874888888869
3434,"R3","R3",1242,1509.98796666667,-267.987966666667
3434,"R3","R3",1490,1195.28454444445,294.715455555554
3434,"R3","R3",1738,1721.39488888889,16.6051111111108
3434,"R3","R3",1980,1691.40546111111,288.594538888887
3434,"R3","R3",2224,3133.01148888889,-909.011488888887
3434,"R3","R3",2496,2973.82288888889,-477.822888888886
3434,"R3","R3",2784,2217.31466666667,566.68533333333
3434,"R3","R3",3103,3420.80995555556,-317.809955555556
3434,"R3","R1",3434,2933.35345,500.646549999999
3434,"R3","R2",3434,3016.90610555555,417.093894444447
3434,"R3","R3",3434,2889.59180555556,544.408194444441
3434,"R3","R4",3434,3493.45261111111,-59.4526111111081
3434,"R3","R3",3666,3535.99548333333,130.004516666665
3434,"R3","R3",3962,3301.62922222222,660.37077777778
3434,"R3","R3",4229,4033.14523888888,195.854761111118
3434,"R3","R3",4527,2130.27075,2396.72925
3434,"R3","R3",4863,3553.86177777778,1309.13822222222
3434,"R3","R3",5200,3840.86727222222,1359.13272777778
3434,"R4","R4",0,46.6477833333334,-46.6477833333334
3434,"R4","R4",249,236.864466666667,12.1355333333334
3434,"R4","R4",489,629.233483333333,-140.233483333333
3434,"R4","R4",727,961.302427777777,-234.302427777777
3434,"R4","R4",989,1179.49997222222,-190.499972222222
3434,"R4","R4",1242,1847.09560555556,-605.095605555555
3434,"R4","R4",1490,1979.79977777778,-489.799777777776
3434,"R4","R4",1738,1902.89334444445,-164.893344444446
3434,"R4","R4",1980,2343.72711666666,-363.727116666665
3434,"R4","R4",2496,2960.98496666667,-464.984966666668
3434,"R4","R4",3103,3064.4896,38.5103999999997
3434,"R4","R1",3434,3027.21131111111,406.788688888889
3434,"R4","R2",3434,3520.90788333333,-86.9078833333333
3434,"R4","R3",3434,2487.03480555555,946.965194444449
3434,"R4","R4",3434,3243.11993333333,190.880066666668
3434,"R4","R4",4229,2874.6442611111,1354.3557388889
3434,"R4","R4",4863,4726.76468888889,136.235311111107
3434,"R4","R4",5200,4139.32216111111,1060.67783888889
3666,"R1","R1",0,114.061477777778,-114.061477777778
3666,"R1","R1",249,299.428533333333,-50.4285333333333
3666,"R1","R1",489,603.377444444444,-114.377444444444
3666,"R1","R1",727,1002.02798333333,-275.027983333333
3666,"R1","R1",989,1327.33642222222,-338.336422222221
3666,"R1","R1",1242,1616.17042222222,-374.170422222224
3666,"R1","R1",1490,1975.66449444444,-485.664494444442
3666,"R1","R1",1738,1358.42008333333,379.579916666666
3666,"R1","R1",1980,2385.12346111111,-405.12346111111
3666,"R1","R1",2224,3958.22742222222,-1734.22742222222
3666,"R1","R1",2496,3444.0904,-948.090399999996
3666,"R1","R1",2784,2864.62191666666,-80.621916666661
3666,"R1","R1",3103,2607.65321111111,495.346788888893
3666,"R1","R1",3434,3217.71227222222,216.287727777778
3666,"R1","R1",3666,4006.71405555555,-340.714055555547
3666,"R1","R2",3666,3491.61182222222,174.388177777775
3666,"R1","R3",3666,3719.26511666667,-53.2651166666701
3666,"R1","R1",3962,4146.17786666667,-184.177866666665
3666,"R1","R1",4229,3822.98500555556,406.014994444441
3666,"R1","R1",4527,4187.89867222222,339.101327777779
3666,"R1","R1",4863,4224.64302777779,638.356972222212
3666,"R1","R1",5200,4368.4270111111,831.572988888897
3666,"R2","R2",0,48.0466333333333,-48.0466333333333
3666,"R2","R2",249,366.907044444444,-117.907044444444
3666,"R2","R2",489,474.012494444444,14.9875055555557
3666,"R2","R2",727,807.310088888889,-80.3100888888889
3666,"R2","R2",989,872.42865,116.57135
3666,"R2","R2",1242,1832.21254444445,-590.212544444445
3666,"R2","R2",1490,1922.95633888889,-432.956338888888
3666,"R2","R2",1738,1626.01912222222,111.980877777778
3666,"R2","R2",1980,2637.40186666666,-657.401866666665
3666,"R2","R2",2224,3487.16410555556,-1263.16410555556
3666,"R2","R2",2496,3090.54517777778,-594.54517777778
3666,"R2","R2",2784,2487.61064444445,296.389355555553
3666,"R2","R2",3103,2939.38165,163.618349999998
3666,"R2","R2",3434,3740.07026111111,-306.070261111107
3666,"R2","R1",3666,3902.03787222222,-236.037872222223
3666,"R2","R2",3666,3239.14185,426.858150000004
3666,"R2","R3",3666,3420.53579444444,245.464205555558
3666,"R2","R2",3962,4157.98036666666,-195.980366666665
3666,"R2","R2",4229,4550.8406388889,-321.840638888895
3666,"R2","R2",4527,3813.64115,713.358850000005
3666,"R2","R2",4863,3952.61659444445,910.383405555551
3666,"R2","R2",5200,3229.05967222222,1970.94032777778
3666,"R3","R3",0,172.594755555555,-172.594755555555
3666,"R3","R3",249,238.048244444444,10.9517555555557
3666,"R3","R3",489,476.290766666667,12.7092333333331
3666,"R3","R3",727,930.870022222222,-203.870022222222
3666,"R3","R3",989,947.430433333334,41.5695666666655
3666,"R3","R3",1242,1494.41285555556,-252.412855555558
3666,"R3","R3",1490,1200.85403888889,289.145961111111
3666,"R3","R3",1738,1719.01533333333,18.9846666666683
3666,"R3","R3",1980,1724.16782222222,255.832177777775
3666,"R3","R3",2224,3188.34341111111,-964.343411111115
3666,"R3","R3",2496,3092.76677222222,-596.766772222221
3666,"R3","R3",2784,2225.40594444445,558.594055555553
3666,"R3","R3",3103,3447.51713888889,-344.517138888888
3666,"R3","R3",3434,2884.20188888889,549.798111111108
3666,"R3","R1",3666,3677.69278333333,-11.692783333332
3666,"R3","R2",3666,3482.21959999999,183.780400000006
3666,"R3","R3",3666,3572.60642222222,93.393577777776
3666,"R3","R3",3962,3309.68493888889,652.315061111112
3666,"R3","R3",4229,3860.78675555556,368.213244444441
3666,"R3","R3",4527,2262.07673333333,2264.92326666667
3666,"R3","R3",4863,3784.99638888889,1078.00361111111
3666,"R3","R3",5200,3908.80513333333,1291.19486666667
3962,"R1","R1",0,108.958411111111,-108.958411111111
3962,"R1","R1",249,288.405933333333,-39.4059333333332
3962,"R1","R1",489,598.394866666667,-109.394866666667
3962,"R1","R1",727,1010.57391111111,-283.573911111111
3962,"R1","R1",989,1320.56543333334,-331.565433333335
3962,"R1","R1",1242,1610.75130555556,-368.751305555555
3962,"R1","R1",1490,1852.19198333333,-362.191983333335
3962,"R1","R1",1738,1344.45785555555,393.542144444446
3962,"R1","R1",1980,2381.23806666667,-401.238066666667
3962,"R1","R1",2224,3940.51028888889,-1716.51028888889
3962,"R1","R1",2496,3404.0883,-908.088300000001
3962,"R1","R1",2784,2784.96716111111,-0.967161111105725
3962,"R1","R1",3103,2460.58668333333,642.41331666667
3962,"R1","R1",3434,3270.41178888889,163.588211111111
3962,"R1","R1",3666,3975.6534,-309.653400000004
3962,"R1","R1",3962,4110.57504444444,-148.575044444439
3962,"R1","R2",3962,4303.80431666667,-341.804316666668
3962,"R1","R3",3962,3070.47134999999,891.528650000007
3962,"R1","R1",4229,3575.21623333333,653.783766666666
3962,"R1","R1",4527,4166.12717222222,360.872827777776
3962,"R1","R1",4863,4185.15592777779,677.844072222214
3962,"R1","R1",5200,4401.35175,798.648249999997
3962,"R2","R2",0,42.4777166666666,-42.4777166666666
3962,"R2","R2",249,370.716744444444,-121.716744444444
3962,"R2","R2",489,474.313827777777,14.6861722222225
3962,"R2","R2",727,816.160372222221,-89.1603722222213
3962,"R2","R2",989,881.764822222222,107.235177777778
3962,"R2","R2",1242,1824.59612222222,-582.596122222221
3962,"R2","R2",1490,1918.57227222222,-428.572272222224
3962,"R2","R2",1738,1652.66517222222,85.3348277777784
3962,"R2","R2",1980,2637.12516111111,-657.125161111112
3962,"R2","R2",2224,3362.07725,-1138.07725
3962,"R2","R2",2496,3021.47675,-525.476750000004
3962,"R2","R2",2784,2425.57963333333,358.420366666667
3962,"R2","R2",3103,2897.30263333334,205.697366666664
3962,"R2","R2",3434,3765.17262222223,-331.172622222231
3962,"R2","R2",3666,3216.95281666667,449.047183333329
3962,"R2","R1",3962,4168.64377777778,-206.643777777784
3962,"R2","R2",3962,4131.50406666668,-169.504066666677
3962,"R2","R3",3962,3330.99852777778,631.001472222218
3962,"R2","R2",4229,4633.59173888889,-404.591738888892
3962,"R2","R2",4527,3808.17883333334,718.821166666656
3962,"R2","R2",4863,4062.05745000001,800.942549999988
3962,"R2","R2",5200,3227.1482,1972.8518
3962,"R3","R3",0,165.805361111111,-165.805361111111
3962,"R3","R3",249,242.903405555556,6.09659444444432
3962,"R3","R3",489,463.295261111111,25.7047388888891
3962,"R3","R3",727,930.092244444445,-203.092244444445
3962,"R3","R3",989,962.024038888889,26.9759611111108
3962,"R3","R3",1242,1457.49907777778,-215.499077777778
3962,"R3","R3",1490,1172.19236111111,317.807638888888
3962,"R3","R3",1738,1735.62913333333,2.37086666666778
3962,"R3","R3",1980,1715.91601666666,264.083983333335
3962,"R3","R3",2224,3186.34041111111,-962.340411111114
3962,"R3","R3",2496,3112.23659444445,-616.236594444445
3962,"R3","R3",2784,2219.74414444444,564.255855555557
3962,"R3","R3",3103,3471.28489444444,-368.284894444443
3962,"R3","R3",3434,2910.26885555556,523.731144444441
3962,"R3","R3",3666,3557.9145,108.085500000001
3962,"R3","R1",3962,4180.73288333333,-218.732883333335
3962,"R3","R2",3962,4281.25872777778,-319.25872777778
3962,"R3","R3",3962,3339.78123333333,622.218766666668
3962,"R3","R3",4229,3982.17596666667,246.824033333334
3962,"R3","R3",4527,2316.33469444444,2210.66530555556
3962,"R3","R3",4863,3828.16078888889,1034.83921111111
3962,"R3","R3",5200,3970.75858888889,1229.24141111111
4229,"R1","R1",0,109.955611111111,-109.955611111111
4229,"R1","R1",249,291.536077777778,-42.5360777777776
4229,"R1","R1",489,584.416622222222,-95.4166222222219
4229,"R1","R1",727,929.157416666666,-202.157416666666
4229,"R1","R1",989,1373.43442777778,-384.434427777778
4229,"R1","R1",1242,1552.25273333333,-310.252733333332
4229,"R1","R1",1490,2011.67958333333,-521.679583333333
4229,"R1","R1",1738,1372.70291111111,365.297088888887
4229,"R1","R1",1980,2306.89256111111,-326.892561111109
4229,"R1","R1",2224,3899.22552222221,-1675.22552222221
4229,"R1","R1",2496,3196.97892222221,-700.978922222214
4229,"R1","R1",2784,2924.8583,-140.8583
4229,"R1","R1",3103,2544.31936666667,558.680633333332
4229,"R1","R1",3434,3224.86808333333,209.131916666669
4229,"R1","R1",3666,3750.7723,-84.7723000000019
4229,"R1","R1",3962,4282.88756666666,-320.887566666662
4229,"R1","R1",4229,3786.43168888889,442.568311111114
4229,"R1","R2",4229,4571.05590555555,-342.055905555554
4229,"R1","R3",4229,3823.39705555556,405.602944444445
4229,"R1","R4",4229,2843.54546111111,1385.45453888889
4229,"R1","R1",4527,4071.38701111111,455.612988888893
4229,"R1","R1",4863,4267.30557777778,595.694422222225
4229,"R1","R1",5200,4325.1397111111,874.860288888896
4229,"R2","R2",0,49.1571333333333,-49.1571333333333
4229,"R2","R2",249,371.012166666666,-122.012166666666
4229,"R2","R2",489,470.233861111111,18.7661388888891
4229,"R2","R2",727,810.533444444445,-83.533444444445
4229,"R2","R2",989,817.877927777778,171.122072222222
4229,"R2","R2",1242,1837.59298888889,-595.592988888889
4229,"R2","R2",1490,1933.03436666666,-443.034366666665
4229,"R2","R2",1738,1617.51277222222,120.487227777777
4229,"R2","R2",1980,2433.29292222222,-453.292922222221
4229,"R2","R2",2224,3323.12802777778,-1099.12802777778
4229,"R2","R2",2496,3057.25382222222,-561.253822222223
4229,"R2","R2",2784,2547.60871111111,236.39128888889
4229,"R2","R2",3103,2954.54116666667,148.458833333329
4229,"R2","R2",3434,3812.79832777778,-378.798327777782
4229,"R2","R2",3666,3242.78836111111,423.211638888887
4229,"R2","R2",3962,3848.37477777778,113.625222222224
4229,"R2","R1",4229,3614.20455555555,614.795444444445
4229,"R2","R2",4229,4592.55848888889,-363.558488888894
4229,"R2","R3",4229,3787.65758888889,441.342411111114
4229,"R2","R4",4229,2671.52471111111,1557.47528888889
4229,"R2","R2",4527,3572.92253888889,954.07746111111
4229,"R2","R2",4863,4169.38463333334,693.615366666659
4229,"R2","R2",5200,3051.05916111111,2148.94083888889
4229,"R3","R3",0,164.035933333333,-164.035933333333
4229,"R3","R3",249,239.0094,9.99059999999997
4229,"R3","R3",489,466.117383333333,22.8826166666673
4229,"R3","R3",727,921.143477777777,-194.143477777777
4229,"R3","R3",989,1122.36978333333,-133.369783333334
4229,"R3","R3",1242,1430.09454444445,-188.094544444446
4229,"R3","R3",1490,1170.60058333333,319.399416666666
4229,"R3","R3",1738,1837.70784444445,-99.707844444446
4229,"R3","R3",1980,1759.79453333333,220.205466666666
4229,"R3","R3",2224,2922.64278888889,-698.642788888887
4229,"R3","R3",2496,2867.11254444445,-371.112544444447
4229,"R3","R3",2784,2193.83092222222,590.169077777776
4229,"R3","R3",3103,3556.48405000001,-453.484050000006
4229,"R3","R3",3434,2724.20383333333,709.796166666667
4229,"R3","R3",3666,3605.98391111111,60.0160888888854
4229,"R3","R3",3962,3168.55808888888,793.441911111115
4229,"R3","R1",4229,3653.91568333333,575.084316666673
4229,"R3","R2",4229,4416.28802222223,-187.288022222227
4229,"R3","R3",4229,3753.86330555556,475.136694444442
4229,"R3","R4",4229,2790.34631111111,1438.65368888889
4229,"R3","R3",4527,2416.66238333334,2110.33761666666
4229,"R3","R3",4863,3906.12913333334,956.870866666663
4229,"R3","R3",5200,4004.32002222222,1195.67997777778
4229,"R4","R4",0,39.2028111111111,-39.2028111111111
4229,"R4","R4",249,234.932288888889,14.0677111111112
4229,"R4","R4",489,617.647472222222,-128.647472222222
4229,"R4","R4",727,968.7095,-241.7095
4229,"R4","R4",989,1179.61481666667,-190.614816666667
4229,"R4","R4",1242,1810.15848333333,-568.158483333334
4229,"R4","R4",1490,1945.62376111111,-455.62376111111
4229,"R4","R4",1738,1947.05671111111,-209.05671111111
4229,"R4","R4",1980,2450.62778888889,-470.627788888888
4229,"R4","R4",2496,2917.76963888888,-421.769638888885
4229,"R4","R4",3103,3175.33025,-72.3302500000036
4229,"R4","R4",3434,3324.62026666667,109.37973333333
4229,"R4","R1",4229,3584.64124444444,644.35875555556
4229,"R4","R2",4229,4506.8726,-277.872599999998
4229,"R4","R3",4229,3738.09791111111,490.90208888889
4229,"R4","R4",4229,2757.36403333333,1471.63596666667
4229,"R4","R4",4863,4719.81551111111,143.184488888886
4229,"R4","R4",5200,4120.52828333333,1079.47171666667
4527,"R1","R1",0,112.560227777778,-112.560227777778
4527,"R1","R1",249,288.494111111111,-39.494111111111
4527,"R1","R1",489,600.889033333333,-111.889033333333
4527,"R1","R1",727,986.15671111111,-259.15671111111
4527,"R1","R1",989,1324.99474444444,-335.994744444444
4527,"R1","R1",1242,1559.38362777778,-317.383627777777
4527,"R1","R1",1490,1938.25125,-448.251250000001
4527,"R1","R1",1738,1316.86876111111,421.131238888891
4527,"R1","R1",1980,2294.60985555556,-314.609855555556
4527,"R1","R1",2224,3718.29023888889,-1494.29023888889
4527,"R1","R1",2496,3093.4162,-597.416199999997
4527,"R1","R1",2784,2979.00246111111,-195.002461111107
4527,"R1","R1",3103,2470.60262222222,632.397377777779
4527,"R1","R1",3434,3084.00892222222,349.991077777782
4527,"R1","R1",3666,3975.50856666667,-309.508566666668
4527,"R1","R1",3962,4102.34838888889,-140.348388888889
4527,"R1","R1",4229,3857.96564999999,371.034350000006
4527,"R1","R1",4527,3656.70329444444,870.296705555558
4527,"R1","R2",4527,3399.39238333333,1127.60761666667
4527,"R1","R3",4527,2251.16217777778,2275.83782222222
4527,"R1","R1",4863,4146.48676111112,716.513238888884
4527,"R1","R1",5200,4258.92949999999,941.070500000011
4527,"R2","R2",0,41.48885,-41.48885
4527,"R2","R2",249,363.81065,-114.81065
4527,"R2","R2",489,477.132488888888,11.8675111111117
4527,"R2","R2",727,802.009383333332,-75.009383333332
4527,"R2","R2",989,875.531394444445,113.468605555555
4527,"R2","R2",1242,1919.71749444444,-677.717494444441
4527,"R2","R2",1490,1896.69007222222,-406.690072222224
4527,"R2","R2",1738,1548.31416666667,189.685833333334
4527,"R2","R2",1980,2466.37063888889,-486.370638888891
4527,"R2","R2",2224,3395.45602777778,-1171.45602777778
4527,"R2","R2",2496,3194.05049444444,-698.050494444444
4527,"R2","R2",2784,2436.94555555556,347.054444444444
4527,"R2","R2",3103,2978.79335555555,124.206644444446
4527,"R2","R2",3434,3264.69497777778,169.305022222218
4527,"R2","R2",3666,3297.38014444444,368.619855555556
4527,"R2","R2",3962,4148.17052777778,-186.170527777777
4527,"R2","R2",4229,4574.11480555556,-345.114805555565
4527,"R2","R1",4527,3604.40160000001,922.598399999995
4527,"R2","R2",4527,3633.69681666667,893.303183333332
4527,"R2","R3",4527,2017.54573333333,2509.45426666667
4527,"R2","R2",4863,4013.39426111112,849.605738888878
4527,"R2","R2",5200,2814.42082777778,2385.57917222222
4527,"R3","R3",0,177.777411111111,-177.777411111111
4527,"R3","R3",249,240.433633333333,8.56636666666657
4527,"R3","R3",489,459.087933333333,29.9120666666667
4527,"R3","R3",727,924.474027777778,-197.474027777778
4527,"R3","R3",989,935.143816666667,53.8561833333326
4527,"R3","R3",1242,1456.90782222222,-214.907822222224
4527,"R3","R3",1490,1201.77152222222,288.228477777777
4527,"R3","R3",1738,1685.12603333333,52.8739666666659
4527,"R3","R3",1980,1707.32435,272.675649999999
4527,"R3","R3",2224,3194.2063,-970.206300000001
4527,"R3","R3",2496,3101.08333333333,-605.083333333334
4527,"R3","R3",2784,2200.56163888889,583.438361111111
4527,"R3","R3",3103,3512.00151666667,-409.001516666671
4527,"R3","R3",3434,2941.53279444444,492.467205555558
4527,"R3","R3",3666,3297.31261666667,368.687383333333
4527,"R3","R3",3962,3361.19116111111,600.808838888895
4527,"R3","R3",4229,3742.58878333333,486.411216666668
4527,"R3","R1",4527,3653.9089,873.0911
4527,"R3","R2",4527,3332.70307222222,1194.29692777778
4527,"R3","R3",4527,2248.72843333333,2278.27156666667
4527,"R3","R3",4863,3739.25837777778,1123.74162222222
4527,"R3","R3",5200,3917.65956111111,1282.34043888889
4863,"R1","R1",0,107.24815,-107.24815
4863,"R1","R1",249,288.257538888889,-39.2575388888887
4863,"R1","R1",489,594.748877777778,-105.748877777778
4863,"R1","R1",727,991.204066666667,-264.204066666667
4863,"R1","R1",989,1305.4151,-316.4151
4863,"R1","R1",1242,1626.82416666667,-384.824166666666
4863,"R1","R1",1490,2011.54672777778,-521.54672777778
4863,"R1","R1",1738,1369.51,368.490000000001
4863,"R1","R1",1980,2440.68631111111,-460.686311111111
4863,"R1","R1",2224,3589.65691666667,-1365.65691666667
4863,"R1","R1",2496,3229.88972222222,-733.889722222221
4863,"R1","R1",2784,2743.34077777777,40.6592222222266
4863,"R1","R1",3103,2481.09457222222,621.905427777783
4863,"R1","R1",3434,3170.41293333333,263.587066666666
4863,"R1","R1",3666,3794.57138333333,-128.57138333333
4863,"R1","R1",3962,4074.59401666666,-112.594016666662
4863,"R1","R1",4229,3738.91278333334,490.08721666666
4863,"R1","R1",4527,4079.30750555556,447.692494444443
4863,"R1","R1",4863,3653.31696111111,1209.68303888889
4863,"R1","R2",4863,3544.78067222223,1318.21932777777
4863,"R1","R3",4863,4183.99997777779,679.000022222211
4863,"R1","R4",4863,4114.62987777778,748.370122222216
4863,"R1","R5",4863,3779.68861666667,1083.31138333333
4863,"R1","R1",5200,4187.23047777778,1012.76952222222
4863,"R2","R2",0,46.1255833333334,-46.1255833333334
4863,"R2","R2",249,373.351433333333,-124.351433333333
4863,"R2","R2",489,475.208366666666,13.7916333333338
4863,"R2","R2",727,810.701194444442,-83.701194444442
4863,"R2","R2",989,900.888133333333,88.1118666666673
4863,"R2","R2",1242,1886.01201111111,-644.012011111106
4863,"R2","R2",1490,1912.31005,-422.310050000002
4863,"R2","R2",1738,1624.8022,113.1978
4863,"R2","R2",1980,2637.16314444444,-657.163144444443
4863,"R2","R2",2224,3356.79046666667,-1132.79046666667
4863,"R2","R2",2496,3074.31466666667,-578.314666666667
4863,"R2","R2",2784,2476.08155555555,307.918444444446
4863,"R2","R2",3103,2959.50121111111,143.498788888887
4863,"R2","R2",3434,3606.77166111111,-172.771661111113
4863,"R2","R2",3666,3412.70519444445,253.294805555552
4863,"R2","R2",3962,3958.8845111111,3.11548888889683
4863,"R2","R2",4229,4282.53831111111,-53.5383111111087
4863,"R2","R2",4527,3809.29605555555,717.703944444447
4863,"R2","R1",4863,3852.51786111111,1010.48213888889
4863,"R2","R2",4863,3597.30051111111,1265.69948888889
4863,"R2","R3",4863,4249.45356666667,613.546433333329
4863,"R2","R4",4863,4201.71218333334,661.287816666664
4863,"R2","R5",4863,3958.18801111111,904.811988888887
4863,"R2","R2",5200,3325.30493333334,1874.69506666666
4863,"R3","R3",0,158.353488888889,-158.353488888889
4863,"R3","R3",249,240.815988888889,8.18401111111135
4863,"R3","R3",489,474.713366666667,14.2866333333333
4863,"R3","R3",727,953.583733333333,-226.583733333333
4863,"R3","R3",989,950.779166666669,38.2208333333315
4863,"R3","R3",1242,1411.88919444444,-169.889194444443
4863,"R3","R3",1490,1166.24387222222,323.756127777778
4863,"R3","R3",1738,1701.54612777778,36.4538722222228
4863,"R3","R3",1980,1715.56812777778,264.431872222222
4863,"R3","R3",2224,3054.93648888889,-830.936488888887
4863,"R3","R3",2496,3129.77882777778,-633.778827777775
4863,"R3","R3",2784,2103.33935,680.66065
4863,"R3","R3",3103,3488.57737777778,-385.577377777778
4863,"R3","R3",3434,2831.53237222222,602.467627777781
4863,"R3","R3",3666,3656.17471111111,9.82528888889465
4863,"R3","R3",3962,3382.85522777778,579.144772222223
4863,"R3","R3",4229,3904.95425,324.045749999996
4863,"R3","R3",4527,2263.63073888889,2263.36926111111
4863,"R3","R1",4863,3670.59877777778,1192.40122222222
4863,"R3","R2",4863,3406.49634444444,1456.50365555556
4863,"R3","R3",4863,3691.05661111112,1171.94338888888
4863,"R3","R4",4863,4000.41339444445,862.586605555548
4863,"R3","R5",4863,3651.21679444445,1211.78320555555
4863,"R3","R3",5200,4060.28451666667,1139.71548333333
4863,"R4","R4",0,40.57725,-40.57725
4863,"R4","R4",249,208.48765,40.5123499999999
4863,"R4","R4",489,640.140933333333,-151.140933333333
4863,"R4","R4",727,972.454127777777,-245.454127777777
4863,"R4","R4",989,1174.8675,-185.867499999998
4863,"R4","R4",1242,1839.29398888889,-597.293988888887
4863,"R4","R4",1490,1892.26241111111,-402.262411111109
4863,"R4","R4",1738,1960.35799444444,-222.357994444445
4863,"R4","R4",1980,2422.37157777777,-442.371577777773
4863,"R4","R4",2496,2744.11229444444,-248.112294444442
4863,"R4","R4",3103,3219.15367222222,-116.153672222221
4863,"R4","R4",3434,3152.53211111112,281.467888888881
4863,"R4","R4",4229,3010.26863888888,1218.73136111112
4863,"R4","R1",4863,3721.63885555556,1141.36114444444
4863,"R4","R2",4863,3504.01834444445,1358.98165555555
4863,"R4","R3",4863,4053.82176111111,809.178238888886
4863,"R4","R4",4863,4044.99442222223,818.005577777774
4863,"R4","R5",4863,3589.94887777778,1273.05112222222
4863,"R4","R4",5200,3972.66010555556,1227.33989444444
4863,"R5","R5",0,141.918616666667,-141.918616666667
4863,"R5","R5",249,293.4424,-44.4424000000001
4863,"R5","R5",489,872.430605555555,-383.430605555555
4863,"R5","R5",1242,1567.39934444445,-325.399344444445
4863,"R5","R5",1738,2927.19802222222,-1189.19802222222
4863,"R5","R5",1980,2264.25651111111,-284.256511111113
4863,"R5","R1",4863,3626.4476,1236.5524
4863,"R5","R2",4863,3429.17819444445,1433.82180555555
4863,"R5","R3",4863,4089.53567222223,773.46432777777
4863,"R5","R4",4863,4043.91045555556,819.089544444441
4863,"R5","R5",4863,3612.78431666667,1250.21568333333
5200,"R1","R1",0,112.192394444444,-112.192394444444
5200,"R1","R1",249,298.617,-49.6169999999998
5200,"R1","R1",489,590.53875,-101.53875
5200,"R1","R1",727,976.834594444444,-249.834594444444
5200,"R1","R1",989,1292.60060555556,-303.600605555556
5200,"R1","R1",1242,1655.44209444445,-413.442094444446
5200,"R1","R1",1490,1981.63051666666,-491.630516666665
5200,"R1","R1",1738,1377.35577777778,360.644222222223
5200,"R1","R1",1980,2324.796,-344.795999999999
5200,"R1","R1",2224,3545.61727222222,-1321.61727222222
5200,"R1","R1",2496,3644.33193888889,-1148.33193888889
5200,"R1","R1",2784,3085.76881111111,-301.768811111111
5200,"R1","R1",3103,2646.69948888889,456.300511111113
5200,"R1","R1",3434,2930.92497222222,503.075027777778
5200,"R1","R1",3666,3735.91898333333,-69.9189833333298
5200,"R1","R1",3962,4207.70854444444,-245.708544444439
5200,"R1","R1",4229,3844.22500555556,384.774994444442
5200,"R1","R1",4527,3948.70997777777,578.29002222223
5200,"R1","R1",4863,4318.65181666666,544.348183333337
5200,"R1","R1",5200,3277.83814444444,1922.16185555556
5200,"R1","R2",5200,2898.69603888889,2301.30396111111
5200,"R1","R3",5200,3333.85922777777,1866.14077222223
5200,"R1","R4",5200,3948.45442777777,1251.54557222223
5200,"R2","R2",0,53.2555944444444,-53.2555944444444
5200,"R2","R2",249,381.829755555556,-132.829755555556
5200,"R2","R2",489,474.464705555555,14.5352944444446
5200,"R2","R2",727,814.889994444444,-87.8899944444437
5200,"R2","R2",989,878.439616666667,110.560383333333
5200,"R2","R2",1242,1861.88142222222,-619.881422222223
5200,"R2","R2",1490,1917.2698,-427.269799999999
5200,"R2","R2",1738,1625.39510555556,112.604894444443
5200,"R2","R2",1980,2434.04569444444,-454.045694444444
5200,"R2","R2",2224,3049.39066666666,-825.390666666663
5200,"R2","R2",2496,3021.5353611111,-525.535361111105
5200,"R2","R2",2784,2583.14119444444,200.858805555558
5200,"R2","R2",3103,2889.90596111111,213.094038888892
5200,"R2","R2",3434,3494.08031666666,-60.0803166666615
5200,"R2","R2",3666,3360.65992222223,305.340077777772
5200,"R2","R2",3962,4064.53798888889,-102.537988888885
5200,"R2","R2",4229,4433.41582777778,-204.415827777781
5200,"R2","R2",4527,3732.71911666667,794.28088333333
5200,"R2","R2",4863,4028.72726666667,834.272733333332
5200,"R2","R1",5200,3216.46239999999,1983.53760000001
5200,"R2","R2",5200,2844.08041666666,2355.91958333334
5200,"R2","R3",5200,3664.81272222222,1535.18727777778
5200,"R2","R4",5200,3899.67917777777,1300.32082222223
5200,"R3","R3",0,168.307955555555,-168.307955555555
5200,"R3","R3",249,239.353622222222,9.64637777777781
5200,"R3","R3",489,472.98175,16.0182500000003
5200,"R3","R3",727,940.027455555557,-213.027455555557
5200,"R3","R3",989,820.896561111111,168.103438888889
5200,"R3","R3",1242,1525.77858333334,-283.778583333336
5200,"R3","R3",1490,1173.0378,316.962199999997
5200,"R3","R3",1738,1584.92061666667,153.079383333332
5200,"R3","R3",1980,1687.01691666667,292.983083333335
5200,"R3","R3",2224,2964.94678888889,-740.946788888887
5200,"R3","R3",2496,2707.02665555555,-211.026655555553
5200,"R3","R3",2784,2247.594,536.406000000002
5200,"R3","R3",3103,3018.03451666666,84.9654833333357
5200,"R3","R3",3434,2936.39095555555,497.609044444445
5200,"R3","R3",3666,3568.36455555556,97.6354444444441
5200,"R3","R3",3962,3555.79052222222,406.209477777783
5200,"R3","R3",4229,3938.02943333333,290.970566666668
5200,"R3","R3",4527,2002.12715555556,2524.87284444444
5200,"R3","R3",4863,3148.29090555556,1714.70909444444
5200,"R3","R1",5200,2832.96551111111,2367.03448888889
5200,"R3","R2",5200,2433.40422777778,2766.59577222222
5200,"R3","R3",5200,2942.16826111111,2257.83173888889
5200,"R3","R4",5200,3724.82096666666,1475.17903333334
5200,"R4","R4",0,39.27765,-39.27765
5200,"R4","R4",249,235.198783333333,13.8012166666666
5200,"R4","R4",489,628.269955555555,-139.269955555555
5200,"R4","R4",727,955.37765,-228.37765
5200,"R4","R4",989,1195.31530555556,-206.315305555555
5200,"R4","R4",1242,1901.61903888889,-659.619038888888
5200,"R4","R4",1490,1848.19063888889,-358.190638888886
5200,"R4","R4",1738,1848.26453333333,-110.264533333333
5200,"R4","R4",1980,2317.24425555556,-337.244255555557
5200,"R4","R4",2496,2916.42053888889,-420.420538888889
5200,"R4","R4",3103,2932.50473333333,170.495266666666
5200,"R4","R4",3434,3102.78900555556,331.210994444442
5200,"R4","R4",4229,2601.78408333333,1627.21591666667
5200,"R4","R4",4863,4622.86163888889,240.138361111111
5200,"R4","R1",5200,3092.56833333333,2107.43166666667
5200,"R4","R2",5200,2726.50862777778,2473.49137222222
5200,"R4","R3",5200,3369.14462777778,1830.85537222222
5200,"R4","R4",5200,3777.03796111111,1422.96203888889
