"dayOmit","scapnumOmit","scapnumactual","yactual","yhat","resid"
268,"S1","S1",268,1681.10016111111,-1413.10016111111
268,"S1","S2",268,810.104738888889,-542.104738888889
268,"S1","S3",268,756.959555555555,-488.959555555555
268,"S1","S5",268,780.146427777777,-512.146427777777
268,"S1","S1",516,1248.76249444445,-732.762494444445
268,"S1","S1",741,1393.92058333334,-652.920583333336
268,"S1","S1",1012,1060.6944,-48.6944000000005
268,"S1","S1",1278,1900.59966111111,-622.599661111109
268,"S1","S1",1513,1689.65621111111,-176.656211111108
268,"S1","S1",1827,2767.42067222222,-940.420672222221
268,"S1","S1",2141,2562.79374444444,-421.793744444441
268,"S1","S1",2395,2507.88002222222,-112.880022222223
268,"S1","S1",2656,2860.88376666666,-204.883766666665
268,"S1","S1",2915,3168.93131111111,-253.931311111111
268,"S1","S1",3181,3057.51970555556,123.480294444444
268,"S1","S1",3388,3627.26356666667,-239.263566666668
268,"S1","S1",3949,3771.74718333334,177.252816666664
268,"S1","S1",4267,4172.32576666666,94.6742333333359
268,"S1","S1",4731,4265.80844444443,465.191555555566
268,"S1","S1",4972,3533.34535,1438.65465
268,"S2","S1",268,1459.35412777778,-1191.35412777778
268,"S2","S2",268,813.370305555556,-545.370305555556
268,"S2","S3",268,768.51195,-500.51195
268,"S2","S5",268,851.599283333333,-583.599283333333
268,"S2","S2",516,1671.53750555555,-1155.53750555555
268,"S2","S2",741,792.112872222222,-51.1128722222222
268,"S2","S2",1278,1564.24365555556,-286.243655555555
268,"S2","S2",1513,1694.16484444444,-181.164844444443
268,"S2","S2",1827,1644.74353333333,182.256466666669
268,"S2","S2",2141,2435.33225555556,-294.332255555557
268,"S2","S2",2395,2827.5404,-432.540400000002
268,"S2","S2",2656,2579.94473333333,76.055266666669
268,"S2","S2",2915,2834.31901111111,80.6809888888897
268,"S2","S2",3181,3802.67652222223,-621.676522222226
268,"S2","S2",3388,2982.07732777778,405.922672222219
268,"S2","S2",3673,2844.71776666667,828.282233333334
268,"S2","S2",3949,3611.66121111111,337.33878888889
268,"S2","S2",4267,3752.17058888889,514.829411111112
268,"S2","S2",4473,4450.68315,22.3168499999992
268,"S2","S2",4731,3112.93602777778,1618.06397222222
268,"S2","S2",4972,4533.90478333333,438.095216666666
268,"S3","S1",268,1339.25543333333,-1071.25543333333
268,"S3","S2",268,852.100105555556,-584.100105555556
268,"S3","S3",268,856.519016666667,-588.519016666667
268,"S3","S5",268,810.579944444444,-542.579944444444
268,"S3","S3",516,794.338194444444,-278.338194444444
268,"S3","S3",741,826.176394444444,-85.1763944444443
268,"S3","S3",1012,935.87525,76.1247499999998
268,"S3","S3",1278,1631.55515,-353.555149999998
268,"S3","S3",1513,1442.67296111111,70.3270388888893
268,"S3","S3",1827,1657.53165,169.46835
268,"S3","S3",2141,1644.15886666667,496.841133333333
268,"S3","S3",2395,2412.89405,-17.8940500000022
268,"S3","S3",2656,3085.10667222222,-429.106672222223
268,"S3","S3",2915,2388.14681111111,526.853188888889
268,"S3","S3",3181,3481.93665,-300.936650000002
268,"S3","S3",3388,3297.15698333333,90.8430166666676
268,"S3","S3",3673,3716.04353888889,-43.0435388888855
268,"S3","S3",3949,3678.48018888889,270.519811111109
268,"S3","S3",4267,4356.00412777778,-89.0041277777837
268,"S3","S3",4731,3773.22412777778,957.775872222219
268,"S3","S3",4972,4006.38449999999,965.615500000006
268,"S5","S1",268,1344.63926666667,-1076.63926666667
268,"S5","S2",268,718.441799999999,-450.441799999999
268,"S5","S3",268,770.727094444444,-502.727094444444
268,"S5","S5",268,864.974838888889,-596.974838888889
268,"S5","S5",516,1085.60731666667,-569.607316666668
268,"S5","S5",741,1196.80663333333,-455.806633333334
268,"S5","S5",1012,1373.03541111111,-361.035411111111
268,"S5","S5",1278,1503.90372222222,-225.903722222219
268,"S5","S5",1513,1632.66369444444,-119.663694444444
268,"S5","S5",1827,2019.44491666666,-192.444916666665
268,"S5","S5",2141,3093.07223333333,-952.072233333329
268,"S5","S5",2395,2700.03098333333,-305.030983333334
268,"S5","S5",2656,2520.36060555555,135.639394444449
268,"S5","S5",2915,2659.75686111111,255.243138888891
268,"S5","S5",3181,3704.30146111111,-523.301461111112
268,"S5","S5",3388,3541.13425,-153.134249999997
268,"S5","S5",3673,2710.98412777777,962.015872222226
268,"S5","S5",3949,3459.04970555555,489.950294444451
268,"S5","S5",4267,4489.95953888889,-222.959538888892
268,"S5","S5",4972,4288.41681111111,683.583188888888
516,"S1","S1",268,1590.89647777778,-1322.89647777778
516,"S1","S1",516,2121.35338333333,-1605.35338333333
516,"S1","S2",516,2321.14552222222,-1805.14552222222
516,"S1","S3",516,598.541061111112,-82.5410611111116
516,"S1","S4",516,854.196705555556,-338.196705555556
516,"S1","S5",516,1267.50380555556,-751.503805555556
516,"S1","S1",741,1304.74182777778,-563.741827777777
516,"S1","S1",1012,1024.80006666667,-12.8000666666674
516,"S1","S1",1278,1839.50822777778,-561.508227777775
516,"S1","S1",1513,1665.36718888889,-152.367188888888
516,"S1","S1",1827,2760.28583888889,-933.28583888889
516,"S1","S1",2141,2671.56621666666,-530.566216666662
516,"S1","S1",2395,2498.45226666667,-103.452266666667
516,"S1","S1",2656,2869.02329444444,-213.023294444437
516,"S1","S1",2915,3132.12804444445,-217.128044444446
516,"S1","S1",3181,3051.01418333333,129.985816666671
516,"S1","S1",3388,3612.77585555555,-224.775855555555
516,"S1","S1",3949,3761.57442222222,187.425577777778
516,"S1","S1",4267,4113.35323333333,153.646766666668
516,"S1","S1",4731,4270.2949,460.705099999998
516,"S1","S1",4972,3531.91130555556,1440.08869444444
516,"S2","S2",268,824.861916666667,-556.861916666667
516,"S2","S1",516,1864.06215555556,-1348.06215555556
516,"S2","S2",516,2036.81361666667,-1520.81361666667
516,"S2","S3",516,680.432272222223,-164.432272222223
516,"S2","S4",516,943.360072222223,-427.360072222223
516,"S2","S5",516,1430.52426666667,-914.524266666666
516,"S2","S2",741,880.691955555555,-139.691955555555
516,"S2","S2",1278,1493.72091666667,-215.720916666668
516,"S2","S2",1513,1657.36275,-144.36275
516,"S2","S2",1827,1664.97276111111,162.027238888889
516,"S2","S2",2141,2417.92566111111,-276.925661111113
516,"S2","S2",2395,2790.67857777778,-395.67857777778
516,"S2","S2",2656,2655.01805,0.981949999999415
516,"S2","S2",2915,2862.78198333333,52.2180166666699
516,"S2","S2",3181,3784.37236111111,-603.372361111113
516,"S2","S2",3388,2973.93570555556,414.064294444445
516,"S2","S2",3673,2898.01260555555,774.987394444448
516,"S2","S2",3949,3616.46763888889,332.532361111113
516,"S2","S2",4267,3812.39930555555,454.60069444445
516,"S2","S2",4473,4438.02815,34.9718499999972
516,"S2","S2",4731,3058.38156111111,1672.61843888889
516,"S2","S2",4972,4546.19881111111,425.801188888885
516,"S3","S3",268,661.114572222222,-393.114572222222
516,"S3","S1",516,2008.06356666666,-1492.06356666666
516,"S3","S2",516,2201.73827777778,-1685.73827777778
516,"S3","S3",516,662.694861111111,-146.694861111111
516,"S3","S4",516,885.406116666666,-369.406116666666
516,"S3","S5",516,1290.21399444445,-774.213994444445
516,"S3","S3",741,676.55326111111,64.4467388888896
516,"S3","S3",1012,930.796477777778,81.2035222222216
516,"S3","S3",1278,1552.69884444444,-274.698844444442
516,"S3","S3",1513,1406.65883333333,106.341166666668
516,"S3","S3",1827,1970.06169444444,-143.061694444442
516,"S3","S3",2141,1611.11736666666,529.882633333336
516,"S3","S3",2395,2405.31797777778,-10.3179777777777
516,"S3","S3",2656,3073.08020555556,-417.08020555556
516,"S3","S3",2915,2552.50549444444,362.494505555557
516,"S3","S3",3181,3493.29637222222,-312.296372222223
516,"S3","S3",3388,3294.10710555555,93.8928944444456
516,"S3","S3",3673,3746.02246111111,-73.0224611111062
516,"S3","S3",3949,3715.98587222222,233.014127777776
516,"S3","S3",4267,4344.40634444445,-77.4063444444473
516,"S3","S3",4731,3762.78582222222,968.214177777779
516,"S3","S3",4972,4012.86421111111,959.135788888892
516,"S4","S1",516,1674.66483333333,-1158.66483333333
516,"S4","S2",516,1856.24805555555,-1340.24805555555
516,"S4","S3",516,563.842916666666,-47.8429166666663
516,"S4","S4",516,778.388877777779,-262.388877777779
516,"S4","S5",516,1278.85896111111,-762.858961111112
516,"S4","S4",741,905.637155555556,-164.637155555556
516,"S4","S4",1012,836.237200000001,175.762799999999
516,"S4","S4",1278,1104.62963333333,173.370366666665
516,"S4","S4",1513,1401.58990555555,111.410094444446
516,"S4","S4",1827,2264.13869444444,-437.138694444444
516,"S4","S4",2141,2577.94805555556,-436.948055555561
516,"S4","S4",2395,2347.55388888889,47.4461111111127
516,"S4","S4",2656,2610.59073333333,45.409266666667
516,"S4","S4",2915,3482.36515555556,-567.365155555558
516,"S4","S4",3181,3432.95099444445,-251.950994444446
516,"S4","S4",3388,3448.57958333333,-60.5795833333327
516,"S4","S4",3673,2693.88817777778,979.111822222219
516,"S4","S4",3949,3733.15903333334,215.840966666659
516,"S4","S4",4267,4544.53752222223,-277.537522222227
516,"S4","S4",4731,3826.46165000001,904.538349999994
516,"S4","S4",4972,3691.48962222222,1280.51037777778
516,"S5","S5",268,1142.67071111111,-874.670711111111
516,"S5","S1",516,1766.45654444445,-1250.45654444445
516,"S5","S2",516,2022.64176111111,-1506.64176111111
516,"S5","S3",516,745.393744444444,-229.393744444444
516,"S5","S4",516,1045.02408888889,-529.02408888889
516,"S5","S5",516,1324.14551111111,-808.145511111111
516,"S5","S5",741,1257.21961111111,-516.219611111113
516,"S5","S5",1012,1280.79036111111,-268.790361111111
516,"S5","S5",1278,1472.93793888889,-194.937938888888
516,"S5","S5",1513,1746.89375555555,-233.893755555555
516,"S5","S5",1827,1922.17852222222,-95.1785222222188
516,"S5","S5",2141,3041.27231666666,-900.272316666663
516,"S5","S5",2395,2734.10608888889,-339.106088888889
516,"S5","S5",2656,2550.22761666666,105.772383333337
516,"S5","S5",2915,2739.86062222222,175.13937777778
516,"S5","S5",3181,3621.22461666667,-440.224616666668
516,"S5","S5",3388,3586.07884444444,-198.078844444441
516,"S5","S5",3673,2827.79273333333,845.207266666669
516,"S5","S5",3949,3410.69725,538.302749999999
516,"S5","S5",4267,4440.06171111111,-173.061711111111
516,"S5","S5",4972,4269.35951111111,702.640488888889
741,"S1","S1",268,1553.19515555555,-1285.19515555555
741,"S1","S1",516,1148.85011666666,-632.850116666664
741,"S1","S1",741,2035.14558888889,-1294.14558888889
741,"S1","S2",741,1121.67387222222,-380.673872222221
741,"S1","S3",741,767.502122222221,-26.5021222222215
741,"S1","S4",741,1849.53578333333,-1108.53578333333
741,"S1","S5",741,1946.32363888889,-1205.32363888889
741,"S1","S1",1012,1034.99665555555,-22.9966555555548
741,"S1","S1",1278,1791.80745555555,-513.807455555554
741,"S1","S1",1513,1603.26149444444,-90.2614944444442
741,"S1","S1",1827,2714.21258333333,-887.212583333332
741,"S1","S1",2141,2610.75386111111,-469.753861111109
741,"S1","S1",2395,2467.49315,-72.4931499999998
741,"S1","S1",2656,2912.25220555556,-256.252205555555
741,"S1","S1",2915,3331.46281666667,-416.462816666667
741,"S1","S1",3181,3229.04811111112,-48.0481111111158
741,"S1","S1",3388,3622.01706111111,-234.017061111115
741,"S1","S1",3949,3853.32218333333,95.6778166666695
741,"S1","S1",4267,4171.80307777778,95.1969222222215
741,"S1","S1",4731,4280.51035555556,450.489644444444
741,"S1","S1",4972,3637.87252777778,1334.12747222222
741,"S2","S2",268,576.531066666667,-308.531066666667
741,"S2","S2",516,1366.22417222222,-850.224172222222
741,"S2","S1",741,2214.31701111111,-1473.31701111111
741,"S2","S2",741,1072.64207777778,-331.642077777777
741,"S2","S3",741,888.556677777777,-147.556677777777
741,"S2","S4",741,1610.68634444445,-869.686344444445
741,"S2","S5",741,2046.06158888889,-1305.06158888889
741,"S2","S2",1278,1455.68282222222,-177.682822222221
741,"S2","S2",1513,1663.87025555555,-150.870255555553
741,"S2","S2",1827,1662.77307222222,164.226927777779
741,"S2","S2",2141,2435.30127222222,-294.301272222222
741,"S2","S2",2395,2751.50140555556,-356.501405555556
741,"S2","S2",2656,2660.28307777778,-4.28307777778082
741,"S2","S2",2915,2850.03730555556,64.9626944444435
741,"S2","S2",3181,3778.15950000001,-597.159500000007
741,"S2","S2",3388,3025.30108888889,362.698911111111
741,"S2","S2",3673,2797.84425555555,875.155744444447
741,"S2","S2",3949,3609.88501111111,339.114988888886
741,"S2","S2",4267,3814.05641666667,452.943583333327
741,"S2","S2",4473,4449.65151111112,23.3484888888834
741,"S2","S2",4731,3068.70913888889,1662.29086111111
741,"S2","S2",4972,4545.79932777778,426.200672222221
741,"S3","S3",268,1200.75355,-932.753550000001
741,"S3","S3",516,800.008933333334,-284.008933333334
741,"S3","S1",741,2250.22787777778,-1509.22787777778
741,"S3","S2",741,1699.01638333333,-958.016383333332
741,"S3","S3",741,1275.79940555556,-534.799405555556
741,"S3","S4",741,1997.66771666666,-1256.66771666666
741,"S3","S5",741,2094.54492222222,-1353.54492222222
741,"S3","S3",1012,799.018822222222,212.981177777778
741,"S3","S3",1278,1485.22718333333,-207.227183333331
741,"S3","S3",1513,1309.16773333333,203.832266666667
741,"S3","S3",1827,1579.81697222222,247.183027777779
741,"S3","S3",2141,1812.69511111111,328.304888888892
741,"S3","S3",2395,2379.3081,15.6919000000021
741,"S3","S3",2656,3139.20146666666,-483.201466666663
741,"S3","S3",2915,2431.17458888888,483.825411111115
741,"S3","S3",3181,3538.26807777778,-357.268077777776
741,"S3","S3",3388,3338.64072222222,49.3592777777817
741,"S3","S3",3673,3864.83261666666,-191.832616666665
741,"S3","S3",3949,3665.00622777778,283.993772222222
741,"S3","S3",4267,4364.46968333333,-97.4696833333337
741,"S3","S3",4731,3941.09026111111,789.90973888889
741,"S3","S3",4972,3941.4953611111,1030.5046388889
741,"S4","S4",516,644.898955555556,-128.898955555556
741,"S4","S1",741,2012.12015,-1271.12015
741,"S4","S2",741,1113.3569,-372.3569
741,"S4","S3",741,837.014877777779,-96.0148777777786
741,"S4","S4",741,1726.32504444445,-985.325044444447
741,"S4","S5",741,1910.87977222222,-1169.87977222222
741,"S4","S4",1012,765.910722222223,246.089277777777
741,"S4","S4",1278,1061.89794444444,216.102055555556
741,"S4","S4",1513,1445.38054444444,67.6194555555576
741,"S4","S4",1827,2261.70528333334,-434.705283333336
741,"S4","S4",2141,2534.95974444445,-393.959744444448
741,"S4","S4",2395,2251.24310555555,143.756894444446
741,"S4","S4",2656,2452.12806111111,203.871938888888
741,"S4","S4",2915,3496.8515,-581.851500000005
741,"S4","S4",3181,3424.48193888889,-243.48193888889
741,"S4","S4",3388,3475.90574444444,-87.9057444444397
741,"S4","S4",3673,2513.45819444444,1159.54180555556
741,"S4","S4",3949,3768.90583333333,180.09416666667
741,"S4","S4",4267,4549.11176111111,-282.111761111114
741,"S4","S4",4731,3817.29922222222,913.700777777779
741,"S4","S4",4972,3851.13175555556,1120.86824444444
741,"S5","S5",268,820.66423888889,-552.66423888889
741,"S5","S5",516,1128.37156111111,-612.371561111111
741,"S5","S1",741,2304.21784444445,-1563.21784444445
741,"S5","S2",741,1324.23141666667,-583.231416666666
741,"S5","S3",741,1013.12526666667,-272.125266666667
741,"S5","S4",741,1883.16629444445,-1142.16629444445
741,"S5","S5",741,2136.31918888889,-1395.31918888889
741,"S5","S5",1012,1613.5184,-601.518399999999
741,"S5","S5",1278,1496.48158888888,-218.481588888885
741,"S5","S5",1513,1589.2649,-76.2648999999979
741,"S5","S5",1827,2090.73129444444,-263.731294444442
741,"S5","S5",2141,2917.57331666667,-776.573316666666
741,"S5","S5",2395,2642.17666111111,-247.17666111111
741,"S5","S5",2656,2491.42480555555,164.575194444445
741,"S5","S5",2915,2660.88669444444,254.11330555556
741,"S5","S5",3181,3701.13428888889,-520.134288888886
741,"S5","S5",3388,3550.15461111111,-162.154611111108
741,"S5","S5",3673,2677.47101666666,995.52898333334
741,"S5","S5",3949,3622.5765,326.423499999999
741,"S5","S5",4267,4487.99585555555,-220.995855555555
741,"S5","S5",4972,4320.13028888888,651.869711111116
1012,"S1","S1",268,1576.4055,-1308.4055
1012,"S1","S1",516,1097.09736111111,-581.097361111109
1012,"S1","S1",741,1300.87522777778,-559.875227777778
1012,"S1","S1",1012,996.188844444443,15.811155555557
1012,"S1","S3",1012,981.534455555554,30.4655444444459
1012,"S1","S4",1012,869.053699999999,142.946300000001
1012,"S1","S5",1012,1275.86334444444,-263.863344444444
1012,"S1","S1",1278,1848.67256111111,-570.672561111109
1012,"S1","S1",1513,1637.54255,-124.542549999999
1012,"S1","S1",1827,2752.25706111111,-925.257061111109
1012,"S1","S1",2141,2610.05104444444,-469.051044444443
1012,"S1","S1",2395,2501.24319444444,-106.243194444443
1012,"S1","S1",2656,2943.96756111111,-287.967561111112
1012,"S1","S1",2915,3166.98085555556,-251.980855555557
1012,"S1","S1",3181,2937.30874444444,243.691255555557
1012,"S1","S1",3388,3610.69322222222,-222.693222222223
1012,"S1","S1",3949,3798.65185,150.34815
1012,"S1","S1",4267,4161.05063333333,105.949366666669
1012,"S1","S1",4731,4276.90928888888,454.090711111116
1012,"S1","S1",4972,3507.95465,1464.04535
1012,"S3","S3",268,727.843738888888,-459.843738888888
1012,"S3","S3",516,650.867233333333,-134.867233333333
1012,"S3","S3",741,768.423849999999,-27.4238499999994
1012,"S3","S1",1012,1011.76846666667,0.231533333333573
1012,"S3","S3",1012,904.277472222221,107.722527777779
1012,"S3","S4",1012,840.826722222221,171.173277777779
1012,"S3","S5",1012,1391.15019444444,-379.150194444442
1012,"S3","S3",1278,1567.90073888889,-289.900738888888
1012,"S3","S3",1513,1365.27284444444,147.727155555556
1012,"S3","S3",1827,1700.17148333333,126.828516666668
1012,"S3","S3",2141,1518.00038333333,622.999616666668
1012,"S3","S3",2395,2399.60887777778,-4.60887777777589
1012,"S3","S3",2656,3078.11375,-422.11375
1012,"S3","S3",2915,2399.68382777778,515.316172222223
1012,"S3","S3",3181,3479.30589444445,-298.305894444445
1012,"S3","S3",3388,3292.541,95.4590000000007
1012,"S3","S3",3673,3721.07957222223,-48.0795722222274
1012,"S3","S3",3949,3696.16294444444,252.837055555557
1012,"S3","S3",4267,4375.68346666667,-108.683466666668
1012,"S3","S3",4731,3804.14393333334,926.856066666663
1012,"S3","S3",4972,4002.83617222222,969.163827777777
1012,"S4","S4",516,619.8679,-103.8679
1012,"S4","S4",741,921.178394444444,-180.178394444444
1012,"S4","S1",1012,1005.56216111111,6.43783888888947
1012,"S4","S3",1012,965.599155555555,46.4008444444452
1012,"S4","S4",1012,762.378977777778,249.621022222222
1012,"S4","S5",1012,1433.82968888889,-421.829688888889
1012,"S4","S4",1278,1114.52666666667,163.473333333333
1012,"S4","S4",1513,1449.90626111111,63.0937388888901
1012,"S4","S4",1827,2295.14555,-468.145549999999
1012,"S4","S4",2141,2547.84583333334,-406.845833333335
1012,"S4","S4",2395,2381.54126111111,13.4587388888904
1012,"S4","S4",2656,2452.56417777777,203.435822222226
1012,"S4","S4",2915,3501.27021666666,-586.270216666665
1012,"S4","S4",3181,3402.97305555555,-221.973055555553
1012,"S4","S4",3388,3462.13067777777,-74.1306777777722
1012,"S4","S4",3673,2627.81643888889,1045.18356111111
1012,"S4","S4",3949,3582.52297222222,366.477027777777
1012,"S4","S4",4267,4557.21842222223,-290.218422222226
1012,"S4","S4",4731,3614.35015555556,1116.64984444444
1012,"S4","S4",4972,3561.16013888889,1410.83986111111
1012,"S5","S5",268,953.976244444444,-685.976244444444
1012,"S5","S5",516,1296.20771111111,-780.207711111108
1012,"S5","S5",741,1111.86382777778,-370.863827777777
1012,"S5","S1",1012,949.756833333333,62.2431666666665
1012,"S5","S3",1012,1203.88666111111,-191.886661111109
1012,"S5","S4",1012,1028.12823888889,-16.1282388888872
1012,"S5","S5",1012,1552.63388888889,-540.633888888887
1012,"S5","S5",1278,1513.1657,-235.165699999998
1012,"S5","S5",1513,1644.95877222222,-131.95877222222
1012,"S5","S5",1827,2014.85121111111,-187.85121111111
1012,"S5","S5",2141,2967.79547777778,-826.795477777777
1012,"S5","S5",2395,2712.24449444445,-317.244494444446
1012,"S5","S5",2656,2467.40212222222,188.59787777778
1012,"S5","S5",2915,2718.20016666666,196.799833333336
1012,"S5","S5",3181,3649.15012777777,-468.150127777774
1012,"S5","S5",3388,3528.28783888889,-140.287838888892
1012,"S5","S5",3673,2774.28779444444,898.712205555556
1012,"S5","S5",3949,3471.79445,477.205549999996
1012,"S5","S5",4267,4484.01832222223,-217.018322222227
1012,"S5","S5",4972,4297.43394444444,674.566055555556
1278,"S1","S1",268,1623.74038888889,-1355.74038888889
1278,"S1","S1",516,1108.47146111111,-592.471461111111
1278,"S1","S1",741,1213.13169444445,-472.131694444446
1278,"S1","S1",1012,943.179083333334,68.8209166666662
1278,"S1","S1",1278,2052.76858888889,-774.768588888887
1278,"S1","S2",1278,1532.15181666667,-254.151816666666
1278,"S1","S3",1278,1625.51063333333,-347.510633333335
1278,"S1","S4",1278,1234.66318333333,43.3368166666671
1278,"S1","S5",1278,1556.18406666667,-278.184066666666
1278,"S1","S1",1513,1650.53733888889,-137.537338888887
1278,"S1","S1",1827,2699.31692222222,-872.31692222222
1278,"S1","S1",2141,2644.68846666666,-503.688466666662
1278,"S1","S1",2395,2472.99517222222,-77.9951722222249
1278,"S1","S1",2656,2931.91749444444,-275.917494444442
1278,"S1","S1",2915,3154.95892777778,-239.958927777781
1278,"S1","S1",3181,2837.88845555555,343.111544444445
1278,"S1","S1",3388,3641.26463888888,-253.264638888883
1278,"S1","S1",3949,3855.25849444444,93.7415055555557
1278,"S1","S1",4267,4164.66237777778,102.337622222218
1278,"S1","S1",4731,4278.38067222223,452.619327777769
1278,"S1","S1",4972,3338.69739444444,1633.30260555556
1278,"S2","S2",268,593.307338888888,-325.307338888888
1278,"S2","S2",516,1488.44658888889,-972.44658888889
1278,"S2","S2",741,683.706077777777,57.2939222222229
1278,"S2","S1",1278,2002.88242222222,-724.882422222221
1278,"S2","S2",1278,1485.2017,-207.201700000001
1278,"S2","S3",1278,1622.82225,-344.822249999998
1278,"S2","S4",1278,1311.1948,-33.1947999999988
1278,"S2","S5",1278,1533.02435555555,-255.024355555555
1278,"S2","S2",1513,1832.27772777778,-319.277727777777
1278,"S2","S2",1827,1689.07118888889,137.92881111111
1278,"S2","S2",2141,2402.82631111111,-261.826311111113
1278,"S2","S2",2395,2808.98277777778,-413.982777777781
1278,"S2","S2",2656,2511.43077222222,144.569227777778
1278,"S2","S2",2915,2883.64019444445,31.3598055555531
1278,"S2","S2",3181,3792.53484444444,-611.534844444445
1278,"S2","S2",3388,2979.64876111111,408.35123888889
1278,"S2","S2",3673,2861.17687777778,811.823122222221
1278,"S2","S2",3949,3609.39994444444,339.600055555558
1278,"S2","S2",4267,3802.18373888889,464.816261111109
1278,"S2","S2",4473,4473.00477777778,-0.00477777778087329
1278,"S2","S2",4731,3058.22472777778,1672.77527222222
1278,"S2","S2",4972,4561.30270555556,410.697294444444
1278,"S3","S3",268,705.237122222222,-437.237122222222
1278,"S3","S3",516,684.869333333333,-168.869333333333
1278,"S3","S3",741,734.963183333332,6.03681666666762
1278,"S3","S3",1012,818.670738888888,193.329261111112
1278,"S3","S1",1278,1813.57785,-535.577849999998
1278,"S3","S2",1278,1342.46025,-64.4602499999992
1278,"S3","S3",1278,1543.77857222222,-265.778572222222
1278,"S3","S4",1278,1230.40044444444,47.5995555555558
1278,"S3","S5",1278,1433.87838333333,-155.878383333332
1278,"S3","S3",1513,1382.11661111111,130.883388888888
1278,"S3","S3",1827,1678.93453333333,148.065466666667
1278,"S3","S3",2141,1631.27338888889,509.726611111111
1278,"S3","S3",2395,2342.14502777778,52.8549722222197
1278,"S3","S3",2656,3033.67232222222,-377.67232222222
1278,"S3","S3",2915,2373.79077777777,541.209222222229
1278,"S3","S3",3181,3513.43191111111,-332.431911111113
1278,"S3","S3",3388,3335.69842222222,52.3015777777769
1278,"S3","S3",3673,3736.28255555556,-63.2825555555573
1278,"S3","S3",3949,3625.22086666667,323.779133333332
1278,"S3","S3",4267,4327.01297222222,-60.0129722222237
1278,"S3","S3",4731,3814.22326666667,916.77673333333
1278,"S3","S3",4972,4000.22419444444,971.775805555556
1278,"S4","S4",516,692.849133333333,-176.849133333333
1278,"S4","S4",741,898.614433333333,-157.614433333333
1278,"S4","S4",1012,746.081949999999,265.918050000001
1278,"S4","S1",1278,1893.30822222222,-615.308222222223
1278,"S4","S2",1278,1500.78132222222,-222.781322222223
1278,"S4","S3",1278,1633.67925,-355.67925
1278,"S4","S4",1278,1230.97658888889,47.0234111111126
1278,"S4","S5",1278,1515.71137777778,-237.711377777778
1278,"S4","S4",1513,1462.68691666667,50.3130833333337
1278,"S4","S4",1827,2246.46029444445,-419.460294444446
1278,"S4","S4",2141,2544.37921111111,-403.379211111112
1278,"S4","S4",2395,2424.23460555556,-29.2346055555586
1278,"S4","S4",2656,2523.45666666667,132.543333333333
1278,"S4","S4",2915,3501.76890000001,-586.768900000005
1278,"S4","S4",3181,3410.28848888889,-229.288488888889
1278,"S4","S4",3388,3461.93345,-73.9334499999982
1278,"S4","S4",3673,2662.56243333333,1010.43756666667
1278,"S4","S4",3949,3517.18011111111,431.819888888887
1278,"S4","S4",4267,4571.62906111111,-304.629061111113
1278,"S4","S4",4731,3502.67835,1228.32165
1278,"S4","S4",4972,3507.76734444444,1464.23265555556
1278,"S5","S5",268,825.059316666666,-557.059316666666
1278,"S5","S5",516,1450.48925,-934.489249999997
1278,"S5","S5",741,1078.96581666667,-337.965816666667
1278,"S5","S5",1012,1541.1707,-529.170699999998
1278,"S5","S1",1278,2000.83402222222,-722.834022222222
1278,"S5","S2",1278,1512.24572777778,-234.245727777777
1278,"S5","S3",1278,1664.73308333333,-386.733083333334
1278,"S5","S4",1278,1483.89462222222,-205.89462222222
1278,"S5","S5",1278,1681.9429,-403.942899999999
1278,"S5","S5",1513,1660.25627222222,-147.256272222221
1278,"S5","S5",1827,2064.02843333334,-237.028433333336
1278,"S5","S5",2141,2973.94036666666,-832.940366666665
1278,"S5","S5",2395,2672.241,-277.241
1278,"S5","S5",2656,2498.3575,157.642500000002
1278,"S5","S5",2915,2743.62906666667,171.370933333334
1278,"S5","S5",3181,3622.60711666666,-441.607116666665
1278,"S5","S5",3388,3581.45252222222,-193.45252222222
1278,"S5","S5",3673,2784.38452222222,888.615477777775
1278,"S5","S5",3949,3440.06428333333,508.935716666667
1278,"S5","S5",4267,4492.75412222222,-225.754122222222
1278,"S5","S5",4972,4288.8351,683.164900000004
1513,"S1","S1",268,1491.75586666667,-1223.75586666667
1513,"S1","S1",516,1099.59621111111,-583.596211111109
1513,"S1","S1",741,1161.65011666667,-420.650116666667
1513,"S1","S1",1012,982.661383333333,29.3386166666666
1513,"S1","S1",1278,1966.73815555555,-688.738155555554
1513,"S1","S1",1513,1588.71555555556,-75.7155555555569
1513,"S1","S2",1513,1738.31205555556,-225.312055555556
1513,"S1","S3",1513,1320.87368333333,192.126316666666
1513,"S1","S4",1513,1476.05453333333,36.9454666666659
1513,"S1","S5",1513,1641.76315555555,-128.763155555555
1513,"S1","S1",1827,2732.97114444445,-905.971144444447
1513,"S1","S1",2141,2638.28490555555,-497.284905555554
1513,"S1","S1",2395,2452.81396666667,-57.8139666666666
1513,"S1","S1",2656,2897.52297777778,-241.522977777779
1513,"S1","S1",2915,3185.77200555555,-270.772005555551
1513,"S1","S1",3181,2923.57215,257.427850000002
1513,"S1","S1",3388,3616.62829444445,-228.628294444448
1513,"S1","S1",3949,3783.34403888889,165.655961111113
1513,"S1","S1",4267,4151.74278333333,115.257216666665
1513,"S1","S1",4731,4283.39132222222,447.608677777775
1513,"S1","S1",4972,3390.17160555555,1581.82839444445
1513,"S2","S2",268,629.295316666667,-361.295316666667
1513,"S2","S2",516,1520.80762777778,-1004.80762777778
1513,"S2","S2",741,684.872177777777,56.1278222222227
1513,"S2","S2",1278,1500.94681666667,-222.946816666666
1513,"S2","S1",1513,1425.06962222222,87.9303777777779
1513,"S2","S2",1513,1716.40283333333,-203.402833333331
1513,"S2","S3",1513,1278.59056666667,234.409433333334
1513,"S2","S4",1513,1363.00236111111,149.997638888888
1513,"S2","S5",1513,1534.98344444444,-21.9834444444446
1513,"S2","S2",1827,1516.77454444444,310.225455555556
1513,"S2","S2",2141,2423.29193333333,-282.291933333331
1513,"S2","S2",2395,2786.91069444445,-391.910694444445
1513,"S2","S2",2656,2602.81711666667,53.1828833333316
1513,"S2","S2",2915,2856.32478333334,58.6752166666647
1513,"S2","S2",3181,3808.75046111111,-627.750461111112
1513,"S2","S2",3388,2959.76345,428.236550000004
1513,"S2","S2",3673,2835.97648888889,837.023511111111
1513,"S2","S2",3949,3628.53767222222,320.462327777783
1513,"S2","S2",4267,3846.31306111111,420.686938888888
1513,"S2","S2",4473,4469.37216111112,3.62783888888498
1513,"S2","S2",4731,3006.40011111111,1724.59988888889
1513,"S2","S2",4972,4552.17757777778,419.822422222222
1513,"S3","S3",268,724.790605555554,-456.790605555554
1513,"S3","S3",516,649.129683333332,-133.129683333332
1513,"S3","S3",741,767.265249999998,-26.2652499999983
1513,"S3","S3",1012,748.378555555555,263.621444444445
1513,"S3","S3",1278,1506.29112777778,-228.291127777778
1513,"S3","S1",1513,1499.99179444444,13.0082055555567
1513,"S3","S2",1513,1658.39738888889,-145.397388888886
1513,"S3","S3",1513,1324.71486666667,188.285133333332
1513,"S3","S4",1513,1390.89704444444,122.102955555555
1513,"S3","S5",1513,1418.74173333333,94.2582666666656
1513,"S3","S3",1827,1655.22051666666,171.779483333336
1513,"S3","S3",2141,1587.70229444444,553.297705555556
1513,"S3","S3",2395,2402.21438333333,-7.2143833333339
1513,"S3","S3",2656,3045.71641111111,-389.716411111112
1513,"S3","S3",2915,2360.04995,554.950050000001
1513,"S3","S3",3181,3480.34736111111,-299.347361111108
1513,"S3","S3",3388,3308.27797222222,79.7220277777792
1513,"S3","S3",3673,3775.47757222222,-102.477572222219
1513,"S3","S3",3949,3614.56222777778,334.437772222217
1513,"S3","S3",4267,4359.84241666667,-92.8424166666737
1513,"S3","S3",4731,3791.77435,939.22565
1513,"S3","S3",4972,3993.91245,978.087550000002
1513,"S4","S4",516,649.628455555555,-133.628455555555
1513,"S4","S4",741,875.058022222223,-134.058022222223
1513,"S4","S4",1012,701.805033333333,310.194966666667
1513,"S4","S4",1278,1085.70394444445,192.296055555554
1513,"S4","S1",1513,1555.31231111111,-42.3123111111113
1513,"S4","S2",1513,1665.78253888889,-152.782538888888
1513,"S4","S3",1513,1168.24302222222,344.756977777777
1513,"S4","S4",1513,1363.57076111111,149.429238888887
1513,"S4","S5",1513,1482.01795,30.9820500000008
1513,"S4","S4",1827,2248.29833888889,-421.298338888889
1513,"S4","S4",2141,2555.52821666667,-414.528216666667
1513,"S4","S4",2395,2401.62652222222,-6.62652222222232
1513,"S4","S4",2656,2417.11654444444,238.883455555556
1513,"S4","S4",2915,3478.69808333334,-563.698083333338
1513,"S4","S4",3181,3384.3428,-203.342799999997
1513,"S4","S4",3388,3434.16987222222,-46.16987222222
1513,"S4","S4",3673,2681.60461111111,991.395388888889
1513,"S4","S4",3949,3565.50488333334,383.495116666665
1513,"S4","S4",4267,4558.90700555556,-291.907005555558
1513,"S4","S4",4731,3557.53440555556,1173.46559444444
1513,"S4","S4",4972,3600.49755,1371.50245
1513,"S5","S5",268,791.700088888888,-523.700088888888
1513,"S5","S5",516,1267.43265,-751.43265
1513,"S5","S5",741,1101.53853888889,-360.53853888889
1513,"S5","S5",1012,1452.69547777778,-440.695477777778
1513,"S5","S5",1278,1634.59992222222,-356.59992222222
1513,"S5","S1",1513,1565.35721111111,-52.3572111111112
1513,"S5","S2",1513,1864.10285555555,-351.102855555553
1513,"S5","S3",1513,1381.9997,131.000299999999
1513,"S5","S4",1513,1675.98449444444,-162.984494444443
1513,"S5","S5",1513,1642.38685555555,-129.386855555555
1513,"S5","S5",1827,2095.14785555555,-268.147855555555
1513,"S5","S5",2141,3008.20199444444,-867.201994444444
1513,"S5","S5",2395,2731.71331666667,-336.713316666667
1513,"S5","S5",2656,2459.92833888889,196.071661111115
1513,"S5","S5",2915,2717.90549444444,197.094505555558
1513,"S5","S5",3181,3597.33836666667,-416.338366666668
1513,"S5","S5",3388,3555.72810555555,-167.728105555554
1513,"S5","S5",3673,2714.58167777778,958.418322222223
1513,"S5","S5",3949,3400.20857222222,548.791427777779
1513,"S5","S5",4267,4517.77563888889,-250.775638888894
1513,"S5","S5",4972,4310.28267222223,661.717327777774
1827,"S1","S1",268,1453.51976111111,-1185.51976111111
1827,"S1","S1",516,1278.35567222222,-762.355672222222
1827,"S1","S1",741,1208.84104444444,-467.841044444444
1827,"S1","S1",1012,1042.95090555556,-30.9509055555559
1827,"S1","S1",1278,1798.13027777778,-520.130277777775
1827,"S1","S1",1513,1549.21503888889,-36.215038888887
1827,"S1","S1",1827,2914.74326111111,-1087.74326111111
1827,"S1","S2",1827,1686.85391111111,140.146088888891
1827,"S1","S3",1827,1949.68926666666,-122.689266666663
1827,"S1","S4",1827,2393.05358888889,-566.053588888889
1827,"S1","S5",1827,1903.40927222222,-76.4092722222183
1827,"S1","S1",2141,2716.20337222222,-575.203372222218
1827,"S1","S1",2395,2569.65083888889,-174.650838888892
1827,"S1","S1",2656,2947.64071111111,-291.640711111111
1827,"S1","S1",2915,3209.65698888889,-294.656988888886
1827,"S1","S1",3181,2983.3824,197.617599999999
1827,"S1","S1",3388,3627.82404444445,-239.824044444445
1827,"S1","S1",3949,3865.4022,83.5977999999959
1827,"S1","S1",4267,4140.80422777778,126.195772222219
1827,"S1","S1",4731,4283.75474999999,447.245250000005
1827,"S1","S1",4972,3447.57911666667,1524.42088333333
1827,"S2","S2",268,595.150383333334,-327.150383333334
1827,"S2","S2",516,1896.74912777778,-1380.74912777778
1827,"S2","S2",741,671.789438888887,69.2105611111127
1827,"S2","S2",1278,1389.08979444444,-111.089794444444
1827,"S2","S2",1513,1645.5566,-132.556600000001
1827,"S2","S1",1827,2687.34712222222,-860.347122222222
1827,"S2","S2",1827,1673.36391111111,153.63608888889
1827,"S2","S3",1827,2125.40817222222,-298.408172222222
1827,"S2","S4",1827,2446.84986111111,-619.849861111114
1827,"S2","S5",1827,1933.03150555555,-106.031505555555
1827,"S2","S2",2141,2529.39722222222,-388.397222222223
1827,"S2","S2",2395,2800.87408888889,-405.874088888891
1827,"S2","S2",2656,2769.73621666666,-113.736216666664
1827,"S2","S2",2915,2902.70292777778,12.2970722222217
1827,"S2","S2",3181,3837.84241666667,-656.842416666669
1827,"S2","S2",3388,2961.61103333334,426.388966666664
1827,"S2","S2",3673,2962.31952222222,710.680477777778
1827,"S2","S2",3949,3631.88205555556,317.117944444444
1827,"S2","S2",4267,3818.91856111111,448.081438888888
1827,"S2","S2",4473,4431.34196666667,41.6580333333322
1827,"S2","S2",4731,3032.56753333333,1698.43246666667
1827,"S2","S2",4972,4542.07388888889,429.926111111111
1827,"S3","S3",268,710.633594444443,-442.633594444443
1827,"S3","S3",516,656.364144444444,-140.364144444444
1827,"S3","S3",741,752.375483333332,-11.3754833333317
1827,"S3","S3",1012,827.5296,184.4704
1827,"S3","S3",1278,1495.29299444444,-217.292994444444
1827,"S3","S3",1513,1333.04256666667,179.957433333333
1827,"S3","S1",1827,2872.06616111111,-1045.06616111111
1827,"S3","S2",1827,1603.15188888889,223.848111111113
1827,"S3","S3",1827,1755.08627777778,71.9137222222232
1827,"S3","S4",1827,2607.79512777778,-780.795127777778
1827,"S3","S5",1827,1811.31412777777,15.6858722222278
1827,"S3","S3",2141,1596.18273888889,544.817261111114
1827,"S3","S3",2395,2616.56548888889,-221.565488888888
1827,"S3","S3",2656,3141.18525555556,-485.185255555564
1827,"S3","S3",2915,2328.97032222222,586.029677777781
1827,"S3","S3",3181,3498.43613888889,-317.436138888886
1827,"S3","S3",3388,3272.73268333333,115.267316666671
1827,"S3","S3",3673,3786.60153333333,-113.601533333334
1827,"S3","S3",3949,3628.19626111111,320.803738888888
1827,"S3","S3",4267,4348.19662222222,-81.1966222222209
1827,"S3","S3",4731,3774.63353888889,956.36646111111
1827,"S3","S3",4972,3947.13474444444,1024.86525555556
1827,"S4","S4",516,698.598044444444,-182.598044444444
1827,"S4","S4",741,873.236744444444,-132.236744444444
1827,"S4","S4",1012,737.758894444445,274.241105555555
1827,"S4","S4",1278,1109.91583888889,168.084161111113
1827,"S4","S4",1513,1423.19851666667,89.8014833333334
1827,"S4","S1",1827,2681.72325,-854.72325
1827,"S4","S2",1827,1553.52198888889,273.478011111111
1827,"S4","S3",1827,1666.1085,160.891500000001
1827,"S4","S4",1827,2470.31149444445,-643.311494444446
1827,"S4","S5",1827,1936.50672777777,-109.506727777774
1827,"S4","S4",2141,2632.15553333334,-491.155533333338
1827,"S4","S4",2395,2467.56760555555,-72.5676055555532
1827,"S4","S4",2656,2406.88245,249.117550000001
1827,"S4","S4",2915,3494.94695,-579.946949999996
1827,"S4","S4",3181,3435.00861111111,-254.008611111106
1827,"S4","S4",3388,3454.38091666667,-66.3809166666697
1827,"S4","S4",3673,2717.73703888889,955.262961111111
1827,"S4","S4",3949,3594.54321666666,354.456783333339
1827,"S4","S4",4267,4546.24777777778,-279.247777777776
1827,"S4","S4",4731,3616.70809999999,1114.29190000001
1827,"S4","S4",4972,3572.14213333333,1399.85786666667
1827,"S5","S5",268,836.425094444445,-568.425094444445
1827,"S5","S5",516,1138.46875,-622.468750000002
1827,"S5","S5",741,1051.35098333333,-310.350983333334
1827,"S5","S5",1012,1392.9288,-380.928799999999
1827,"S5","S5",1278,1508.03648333333,-230.036483333331
1827,"S5","S5",1513,1638.41813333333,-125.418133333333
1827,"S5","S1",1827,2675.62552777778,-848.625527777781
1827,"S5","S2",1827,1752.76235555556,74.2376444444435
1827,"S5","S3",1827,1769.63186111111,57.3681388888897
1827,"S5","S4",1827,2438.85863333333,-611.858633333334
1827,"S5","S5",1827,1980.97338888889,-153.973388888887
1827,"S5","S5",2141,3033.73571111111,-892.735711111109
1827,"S5","S5",2395,2778.83713888889,-383.83713888889
1827,"S5","S5",2656,2389.29641666667,266.703583333335
1827,"S5","S5",2915,2795.9049,119.095100000001
1827,"S5","S5",3181,3685.50921666666,-504.509216666664
1827,"S5","S5",3388,3533.54155555555,-145.541555555555
1827,"S5","S5",3673,2915.25806111111,757.74193888889
1827,"S5","S5",3949,3544.93560555555,404.064394444445
1827,"S5","S5",4267,4463.36487222222,-196.364872222224
1827,"S5","S5",4972,4231.32686666667,740.673133333331
2141,"S1","S1",268,1652.97978888889,-1384.97978888889
2141,"S1","S1",516,1112.76916666667,-596.769166666665
2141,"S1","S1",741,1184.88028888889,-443.880288888888
2141,"S1","S1",1012,1015.87185,-3.87185000000045
2141,"S1","S1",1278,1751.06692777778,-473.066927777778
2141,"S1","S1",1513,1613.70295,-100.702949999999
2141,"S1","S1",1827,2898.75355,-1071.75355
2141,"S1","S1",2141,2496.21102222222,-355.21102222222
2141,"S1","S2",2141,2655.90475555556,-514.904755555558
2141,"S1","S3",2141,1601.18617777778,539.813822222222
2141,"S1","S4",2141,2744.66046666667,-603.660466666669
2141,"S1","S5",2141,2783.38296666667,-642.38296666667
2141,"S1","S1",2395,2729.17641111112,-334.17641111112
2141,"S1","S1",2656,2933.23983888889,-277.239838888886
2141,"S1","S1",2915,3287.81864444445,-372.818644444448
2141,"S1","S1",3181,2926.52016111111,254.479838888892
2141,"S1","S1",3388,3640.39652222222,-252.39652222222
2141,"S1","S1",3949,3705.04397222222,243.956027777777
2141,"S1","S1",4267,4191.00975555555,75.9902444444479
2141,"S1","S1",4731,4260.07563888889,470.924361111112
2141,"S1","S1",4972,3367.09747777778,1604.90252222222
2141,"S2","S2",268,584.297211111111,-316.297211111111
2141,"S2","S2",516,1556.99912222222,-1040.99912222222
2141,"S2","S2",741,694.675294444444,46.3247055555556
2141,"S2","S2",1278,1385.531,-107.530999999998
2141,"S2","S2",1513,1718.94143888889,-205.941438888886
2141,"S2","S2",1827,1539.01231666667,287.987683333335
2141,"S2","S1",2141,2266.22136666666,-125.221366666663
2141,"S2","S2",2141,2517.11632777778,-376.116327777778
2141,"S2","S3",2141,1608.22437222222,532.775627777778
2141,"S2","S4",2141,2858.03583888889,-717.035838888889
2141,"S2","S5",2141,2870.54153333333,-729.541533333335
2141,"S2","S2",2395,2990.99625555556,-595.99625555556
2141,"S2","S2",2656,2642.31805,13.6819499999997
2141,"S2","S2",2915,2882.22966666666,32.7703333333366
2141,"S2","S2",3181,3798.72860555556,-617.728605555557
2141,"S2","S2",3388,3018.86190555556,369.138094444443
2141,"S2","S2",3673,2818.3403,854.659700000004
2141,"S2","S2",3949,3609.53298888889,339.467011111112
2141,"S2","S2",4267,3797.08690555555,469.913094444445
2141,"S2","S2",4473,4437.97022222222,35.029777777776
2141,"S2","S2",4731,3133.70765555556,1597.29234444444
2141,"S2","S2",4972,4552.54146666667,419.458533333333
2141,"S3","S3",268,742.784794444444,-474.784794444444
2141,"S3","S3",516,690.468449999999,-174.468449999999
2141,"S3","S3",741,775.065105555555,-34.0651055555549
2141,"S3","S3",1012,837.172444444443,174.827555555557
2141,"S3","S3",1278,1503.88716666667,-225.887166666666
2141,"S3","S3",1513,1366.89385,146.10615
2141,"S3","S3",1827,1695.52720555555,131.472794444446
2141,"S3","S1",2141,2480.80232777777,-339.802327777773
2141,"S3","S2",2141,2560.33595,-419.335950000002
2141,"S3","S3",2141,1632.15035555555,508.849644444445
2141,"S3","S4",2141,2727.991,-586.991000000004
2141,"S3","S5",2141,3006.15715555556,-865.157155555559
2141,"S3","S3",2395,2501.78194444444,-106.781944444445
2141,"S3","S3",2656,3108.07029444444,-452.070294444443
2141,"S3","S3",2915,2399.22555,515.77445
2141,"S3","S3",3181,3460.51651111112,-279.516511111116
2141,"S3","S3",3388,3328.08596111111,59.9140388888859
2141,"S3","S3",3673,3774.17003888889,-101.170038888887
2141,"S3","S3",3949,3695.3648,253.635199999996
2141,"S3","S3",4267,4328.27235555555,-61.272355555554
2141,"S3","S3",4731,3788.4655,942.534499999998
2141,"S3","S3",4972,3987.72824444445,984.271755555554
2141,"S4","S4",516,691.267227777778,-175.267227777778
2141,"S4","S4",741,898.190249999999,-157.190249999999
2141,"S4","S4",1012,750.340011111111,261.659988888889
2141,"S4","S4",1278,1148.98866666667,129.011333333334
2141,"S4","S4",1513,1439.32272222222,73.6772777777805
2141,"S4","S4",1827,2383.04935555556,-556.049355555558
2141,"S4","S1",2141,2286.02561111111,-145.025611111112
2141,"S4","S2",2141,2584.85166666667,-443.851666666671
2141,"S4","S3",2141,1634.18971111111,506.810288888889
2141,"S4","S4",2141,2663.63048888889,-522.630488888892
2141,"S4","S5",2141,2842.45333333333,-701.453333333335
2141,"S4","S4",2395,2499.25328333333,-104.253283333331
2141,"S4","S4",2656,2374.28813333333,281.711866666667
2141,"S4","S4",2915,3492.05334444445,-577.053344444445
2141,"S4","S4",3181,3454.08179444444,-273.081794444441
2141,"S4","S4",3388,3477.28882777778,-89.2888277777793
2141,"S4","S4",3673,2680.90463333334,992.095366666665
2141,"S4","S4",3949,3622.84576111112,326.154238888884
2141,"S4","S4",4267,4547.01662222223,-280.016622222225
2141,"S4","S4",4731,3635.53406666667,1095.46593333333
2141,"S4","S4",4972,3610.5517888889,1361.4482111111
2141,"S5","S5",268,787.550888888888,-519.550888888888
2141,"S5","S5",516,1245.60287777778,-729.602877777778
2141,"S5","S5",741,1084.42037222222,-343.420372222224
2141,"S5","S5",1012,1484.71602222222,-472.716022222221
2141,"S5","S5",1278,1498.33547777777,-220.335477777775
2141,"S5","S5",1513,1577.04831111111,-64.0483111111093
2141,"S5","S5",1827,1989.94801111111,-162.948011111109
2141,"S5","S1",2141,2427.63545,-286.635449999998
2141,"S5","S2",2141,2555.331,-414.331000000004
2141,"S5","S3",2141,1506.31605,634.683950000001
2141,"S5","S4",2141,2757.45902777778,-616.45902777778
2141,"S5","S5",2141,3040.017,-899.017000000001
2141,"S5","S5",2395,2798.81401666667,-403.814016666668
2141,"S5","S5",2656,2483.7755,172.224500000002
2141,"S5","S5",2915,2805.20832777777,109.791672222226
2141,"S5","S5",3181,3638.48435555556,-457.484355555556
2141,"S5","S5",3388,3598.63982222222,-210.639822222221
2141,"S5","S5",3673,2848.60132777778,824.398672222224
2141,"S5","S5",3949,3547.23616111111,401.763838888887
2141,"S5","S5",4267,4465.75413333333,-198.754133333334
2141,"S5","S5",4972,4274.04282222223,697.957177777774
2395,"S1","S1",268,1730.85327222222,-1462.85327222222
2395,"S1","S1",516,1135.16241666666,-619.162416666664
2395,"S1","S1",741,1240.19502222222,-499.195022222223
2395,"S1","S1",1012,1030.1715,-18.171499999999
2395,"S1","S1",1278,1808.00391666667,-530.003916666666
2395,"S1","S1",1513,1639.69442222222,-126.694422222221
2395,"S1","S1",1827,2820.90823888889,-993.90823888889
2395,"S1","S1",2141,2570.66436111111,-429.664361111106
2395,"S1","S1",2395,2673.84669444445,-278.84669444445
2395,"S1","S2",2395,2776.55075,-381.550750000003
2395,"S1","S3",2395,2368.49338333334,26.5066166666629
2395,"S1","S4",2395,2552.06675555555,-157.066755555554
2395,"S1","S5",2395,2753.4196,-358.419600000005
2395,"S1","S1",2656,2938.32928888889,-282.329288888886
2395,"S1","S1",2915,3290.62924444445,-375.629244444446
2395,"S1","S1",3181,2894.07717777778,286.922822222223
2395,"S1","S1",3388,3609.09225555556,-221.092255555557
2395,"S1","S1",3949,3658.16112222222,290.83887777778
2395,"S1","S1",4267,4139.11063333333,127.889366666666
2395,"S1","S1",4731,4223.16998888888,507.830011111116
2395,"S1","S1",4972,3366.90121111111,1605.09878888889
2395,"S2","S2",268,598.168738888889,-330.168738888889
2395,"S2","S2",516,1445.18836111111,-929.188361111111
2395,"S2","S2",741,701.773788888889,39.2262111111113
2395,"S2","S2",1278,1480.40108333333,-202.401083333333
2395,"S2","S2",1513,1664.67942222222,-151.67942222222
2395,"S2","S2",1827,1566.65274444444,260.347255555558
2395,"S2","S2",2141,2472.16248888889,-331.162488888886
2395,"S2","S1",2395,2492.77330555556,-97.7733055555555
2395,"S2","S2",2395,2803.03546666667,-408.035466666668
2395,"S2","S3",2395,2474.56006111111,-79.5600611111095
2395,"S2","S4",2395,2425.81897777778,-30.8189777777766
2395,"S2","S5",2395,2736.20717222222,-341.207172222219
2395,"S2","S2",2656,2661.30949444444,-5.30949444444195
2395,"S2","S2",2915,2836.69386666666,78.3061333333385
2395,"S2","S2",3181,3760.79805555556,-579.798055555561
2395,"S2","S2",3388,2999.53753888889,388.462461111113
2395,"S2","S2",3673,2749.63788333333,923.362116666671
2395,"S2","S2",3949,3612.44527777778,336.554722222221
2395,"S2","S2",4267,3714.05161666667,552.948383333332
2395,"S2","S2",4473,4459.59150555556,13.4084944444439
2395,"S2","S2",4731,3146.10752777778,1584.89247222222
2395,"S2","S2",4972,4542.64676666667,429.353233333333
2395,"S3","S3",268,742.515233333333,-474.515233333333
2395,"S3","S3",516,677.347483333333,-161.347483333333
2395,"S3","S3",741,788.299849999999,-47.2998499999994
2395,"S3","S3",1012,850.968161111111,161.031838888889
2395,"S3","S3",1278,1543.40207777778,-265.402077777778
2395,"S3","S3",1513,1328.31655555556,184.683444444444
2395,"S3","S3",1827,1608.03114444444,218.968855555555
2395,"S3","S3",2141,1598.55225555556,542.447744444445
2395,"S3","S1",2395,2499.66680555556,-104.666805555559
2395,"S3","S2",2395,2823.19791666667,-428.197916666666
2395,"S3","S3",2395,2484.96831111111,-89.9683111111126
2395,"S3","S4",2395,2593.61186111111,-198.611861111111
2395,"S3","S5",2395,2861.08777777778,-466.087777777776
2395,"S3","S3",2656,3057.5839,-401.583900000001
2395,"S3","S3",2915,2412.98566111111,502.014338888888
2395,"S3","S3",3181,3485.5195,-304.519500000003
2395,"S3","S3",3388,3305.7645,82.235499999998
2395,"S3","S3",3673,3676.02812222222,-3.02812222221928
2395,"S3","S3",3949,3673.49106111111,275.508938888887
2395,"S3","S3",4267,4360.75419444444,-93.7541944444447
2395,"S3","S3",4731,3773.36162222222,957.63837777778
2395,"S3","S3",4972,3974.63406666667,997.365933333329
2395,"S4","S4",516,664.059466666666,-148.059466666666
2395,"S4","S4",741,888.394816666667,-147.394816666667
2395,"S4","S4",1012,756.128416666667,255.871583333333
2395,"S4","S4",1278,1101.35968888889,176.640311111112
2395,"S4","S4",1513,1419.08015,93.919850000002
2395,"S4","S4",1827,2549.11075555556,-722.110755555556
2395,"S4","S4",2141,2771.20571666667,-630.20571666667
2395,"S4","S1",2395,2677.86518888889,-282.865188888893
2395,"S4","S2",2395,2797.09972777778,-402.09972777778
2395,"S4","S3",2395,2688.82684444445,-293.826844444449
2395,"S4","S4",2395,2595.10922222222,-200.109222222218
2395,"S4","S5",2395,2900.82361111112,-505.823611111115
2395,"S4","S4",2656,2434.48953333333,221.510466666666
2395,"S4","S4",2915,3498.18576111112,-583.185761111115
2395,"S4","S4",3181,3434.32169444445,-253.321694444449
2395,"S4","S4",3388,3420.15994444445,-32.159944444446
2395,"S4","S4",3673,2678.9904,994.009600000002
2395,"S4","S4",3949,3578.00266111111,370.997338888889
2395,"S4","S4",4267,4541.7579,-274.757899999999
2395,"S4","S4",4731,3521.99966666667,1209.00033333333
2395,"S4","S4",4972,3624.42828888889,1347.57171111111
2395,"S5","S5",268,825.450872222223,-557.450872222223
2395,"S5","S5",516,1175.93049444444,-659.930494444443
2395,"S5","S5",741,1132.53038333333,-391.530383333335
2395,"S5","S5",1012,1408.50705,-396.50705
2395,"S5","S5",1278,1484.26119444444,-206.261194444441
2395,"S5","S5",1513,1604.56073888889,-91.5607388888868
2395,"S5","S5",1827,2039.62281111111,-212.622811111107
2395,"S5","S5",2141,3002.61203333333,-861.612033333332
2395,"S5","S1",2395,2623.42172777778,-228.421727777779
2395,"S5","S2",2395,2719.85855555556,-324.858555555558
2395,"S5","S3",2395,2471.22282222222,-76.2228222222234
2395,"S5","S4",2395,2380.54842777778,14.4515722222227
2395,"S5","S5",2395,2825.91783333333,-430.917833333333
2395,"S5","S5",2656,2456.09788888888,199.902111111116
2395,"S5","S5",2915,2752.5928,162.4072
2395,"S5","S5",3181,3636.93204444445,-455.932044444447
2395,"S5","S5",3388,3490.19277777778,-102.192777777776
2395,"S5","S5",3673,2891.99930555556,781.000694444444
2395,"S5","S5",3949,3532.6008,416.399199999998
2395,"S5","S5",4267,4489.58085,-222.580850000003
2395,"S5","S5",4972,4281.4707,690.529299999997
2656,"S1","S1",268,1634.31921666667,-1366.31921666667
2656,"S1","S1",516,899.387172222222,-383.387172222222
2656,"S1","S1",741,1327.20573888889,-586.205738888889
2656,"S1","S1",1012,1005.83549444444,6.1645055555573
2656,"S1","S1",1278,1778.55753888889,-500.557538888886
2656,"S1","S1",1513,1656.90421111111,-143.90421111111
2656,"S1","S1",1827,2874.64739444445,-1047.64739444445
2656,"S1","S1",2141,2414.55243888889,-273.552438888887
2656,"S1","S1",2395,2511.70504444445,-116.705044444448
2656,"S1","S1",2656,3079.55387222222,-423.553872222221
2656,"S1","S2",2656,3100.72179444444,-444.721794444443
2656,"S1","S3",2656,3310.3105,-654.310500000003
2656,"S1","S4",2656,2321.61045,334.38955
2656,"S1","S5",2656,2414.59197222222,241.408027777778
2656,"S1","S1",2915,3295.75654444445,-380.756544444446
2656,"S1","S1",3181,2944.48042222222,236.519577777779
2656,"S1","S1",3388,3695.07569444445,-307.075694444445
2656,"S1","S1",3949,3825.25545555556,123.744544444437
2656,"S1","S1",4267,4167.49681666667,99.5031833333296
2656,"S1","S1",4731,4299.93342777778,431.066572222217
2656,"S1","S1",4972,3377.55700555556,1594.44299444444
2656,"S2","S2",268,607.612038888889,-339.612038888889
2656,"S2","S2",516,1320.74379444444,-804.743794444445
2656,"S2","S2",741,717.838894444444,23.1611055555561
2656,"S2","S2",1278,1447.72139444444,-169.721394444443
2656,"S2","S2",1513,1724.29208333333,-211.292083333332
2656,"S2","S2",1827,1624.59143888889,202.408561111113
2656,"S2","S2",2141,2356.58223888889,-215.582238888887
2656,"S2","S2",2395,2756.10099444445,-361.100994444447
2656,"S2","S1",2656,2380.26367777777,275.736322222226
2656,"S2","S2",2656,2656.64069444444,-0.640694444443398
2656,"S2","S3",2656,2952.18502222222,-296.185022222221
2656,"S2","S4",2656,2264.57228333333,391.42771666667
2656,"S2","S5",2656,2272.85954444444,383.140455555556
2656,"S2","S2",2915,2740.43304444444,174.566955555556
2656,"S2","S2",3181,3778.98986111111,-597.989861111112
2656,"S2","S2",3388,2929.40488888889,458.595111111109
2656,"S2","S2",3673,2599.93055555555,1073.06944444445
2656,"S2","S2",3949,3630.64875,318.351250000001
2656,"S2","S2",4267,3839.74296666666,427.257033333336
2656,"S2","S2",4473,4460.51037222222,12.4896277777771
2656,"S2","S2",4731,3225.12078888889,1505.87921111111
2656,"S2","S2",4972,4560.0159,411.9841
2656,"S3","S3",268,695.69431111111,-427.69431111111
2656,"S3","S3",516,652.907488888889,-136.907488888889
2656,"S3","S3",741,742.364388888888,-1.36438888888847
2656,"S3","S3",1012,832.94915,179.05085
2656,"S3","S3",1278,1476.10614444444,-198.106144444444
2656,"S3","S3",1513,1313.48334444444,199.516655555556
2656,"S3","S3",1827,1538.08878888889,288.911211111114
2656,"S3","S3",2141,1533.96187222222,607.038127777782
2656,"S3","S3",2395,2425.24556111111,-30.2455611111109
2656,"S3","S1",2656,2826.34547222222,-170.345472222224
2656,"S3","S2",2656,2788.40375555556,-132.403755555559
2656,"S3","S3",2656,3070.05436666667,-414.054366666669
2656,"S3","S4",2656,2048.16304444445,607.836955555554
2656,"S3","S5",2656,1872.29850555555,783.701494444447
2656,"S3","S3",2915,2101.56219444444,813.437805555558
2656,"S3","S3",3181,3492.47188888889,-311.471888888888
2656,"S3","S3",3388,3291.43419444444,96.5658055555605
2656,"S3","S3",3673,3761.26118888889,-88.26118888889
2656,"S3","S3",3949,3615.59991666667,333.400083333328
2656,"S3","S3",4267,4305.22486666668,-38.2248666666756
2656,"S3","S3",4731,3851.08271666667,879.917283333333
2656,"S3","S3",4972,4007.09849444444,964.901505555557
2656,"S4","S4",516,709.199427777777,-193.199427777777
2656,"S4","S4",741,905.220911111111,-164.220911111111
2656,"S4","S4",1012,758.885661111111,253.114338888889
2656,"S4","S4",1278,1081.74816111111,196.251838888889
2656,"S4","S4",1513,1423.68401111111,89.3159888888911
2656,"S4","S4",1827,2281.88836111111,-454.888361111112
2656,"S4","S4",2141,2622.37953333334,-481.379533333336
2656,"S4","S4",2395,2515.17713888889,-120.177138888888
2656,"S4","S1",2656,2825.17492777778,-169.174927777778
2656,"S4","S2",2656,2570.6535,85.3464999999987
2656,"S4","S3",2656,3216.94018333333,-560.940183333333
2656,"S4","S4",2656,2348.54719444444,307.452805555558
2656,"S4","S5",2656,2275.22251666667,380.777483333334
2656,"S4","S4",2915,3525.13905555556,-610.139055555561
2656,"S4","S4",3181,3431.23417222222,-250.23417222222
2656,"S4","S4",3388,3436.44759444445,-48.4475944444462
2656,"S4","S4",3673,2655.24186666667,1017.75813333333
2656,"S4","S4",3949,3466.55290555556,482.447094444442
2656,"S4","S4",4267,4532.36785000001,-265.367850000006
2656,"S4","S4",4731,3536.69588888889,1194.30411111111
2656,"S4","S4",4972,3611.99057777778,1360.00942222222
2656,"S5","S5",268,839.10853888889,-571.10853888889
2656,"S5","S5",516,1185.01593333333,-669.015933333334
2656,"S5","S5",741,1123.25170555556,-382.251705555556
2656,"S5","S5",1012,1435.76711111111,-423.767111111112
2656,"S5","S5",1278,1522.07127222222,-244.07127222222
2656,"S5","S5",1513,1623.20598888889,-110.205988888887
2656,"S5","S5",1827,1974.59692222222,-147.596922222222
2656,"S5","S5",2141,3082.95193888889,-941.951938888892
2656,"S5","S5",2395,2719.29302777778,-324.29302777778
2656,"S5","S1",2656,2767.6296,-111.629600000002
2656,"S5","S2",2656,2651.67906111111,4.32093888888676
2656,"S5","S3",2656,3258.47677222222,-602.476772222223
2656,"S5","S4",2656,2344.2602,311.739800000001
2656,"S5","S5",2656,2315.60779444445,340.392205555555
2656,"S5","S5",2915,2821.25233333333,93.7476666666653
2656,"S5","S5",3181,3699.30168333334,-518.301683333337
2656,"S5","S5",3388,3533.48086666667,-145.480866666669
2656,"S5","S5",3673,2809.80053333333,863.199466666666
2656,"S5","S5",3949,3494.27770555556,454.722294444444
2656,"S5","S5",4267,4465.8559,-198.855900000004
2656,"S5","S5",4972,4289.54925,682.450749999998
2915,"S1","S1",268,1685.92162777778,-1417.92162777778
2915,"S1","S1",516,1009.48481111111,-493.484811111111
2915,"S1","S1",741,1312.50197222222,-571.501972222223
2915,"S1","S1",1012,1013.99651111111,-1.99651111111041
2915,"S1","S1",1278,1881.57814444444,-603.57814444444
2915,"S1","S1",1513,1629.79876111111,-116.798761111109
2915,"S1","S1",1827,2784.49268888889,-957.492688888887
2915,"S1","S1",2141,2519.08452777777,-378.084527777773
2915,"S1","S1",2395,2531.57408333333,-136.574083333332
2915,"S1","S1",2656,2884.22677777777,-228.226777777774
2915,"S1","S1",2915,3306.60368333334,-391.603683333336
2915,"S1","S2",2915,2885.67166111111,29.3283388888917
2915,"S1","S3",2915,2536.62893888888,378.371061111116
2915,"S1","S4",2915,3503.1894,-588.189400000002
2915,"S1","S5",2915,2840.13678888888,74.8632111111151
2915,"S1","S1",3181,2989.22235,191.777649999997
2915,"S1","S1",3388,3630.43765,-242.437650000003
2915,"S1","S1",3949,3745.86822222222,203.131777777782
2915,"S1","S1",4267,4175.17936111112,91.8206388888848
2915,"S1","S1",4731,4323.57845555555,407.421544444445
2915,"S1","S1",4972,3452.60915555555,1519.39084444445
2915,"S2","S2",268,651.03645,-383.03645
2915,"S2","S2",516,1339.3231,-823.3231
2915,"S2","S2",741,681.367077777777,59.6329222222232
2915,"S2","S2",1278,1462.37332222222,-184.373322222222
2915,"S2","S2",1513,1635.48231666666,-122.482316666663
2915,"S2","S2",1827,1618.55158333333,208.448416666671
2915,"S2","S2",2141,2319.74986666667,-178.749866666665
2915,"S2","S2",2395,2795.00542777778,-400.005427777776
2915,"S2","S2",2656,2553.75201666666,102.247983333335
2915,"S2","S1",2915,2900.74287222222,14.2571277777788
2915,"S2","S2",2915,2694.53944444445,220.460555555555
2915,"S2","S3",2915,2209.41498888889,705.585011111113
2915,"S2","S4",2915,3334.31707222222,-419.317072222225
2915,"S2","S5",2915,2668.33516111111,246.66483888889
2915,"S2","S2",3181,3817.82853888889,-636.828538888887
2915,"S2","S2",3388,2966.14875555555,421.851244444445
2915,"S2","S2",3673,2728.1885,944.8115
2915,"S2","S2",3949,3653.69497777777,295.305022222225
2915,"S2","S2",4267,3848.20018888889,418.79981111111
2915,"S2","S2",4473,4463.71346666667,9.28653333332659
2915,"S2","S2",4731,3142.77782222222,1588.22217777778
2915,"S2","S2",4972,4557.25353333334,414.746466666661
2915,"S3","S3",268,743.741727777777,-475.741727777777
2915,"S3","S3",516,706.09151111111,-190.09151111111
2915,"S3","S3",741,778.736916666667,-37.7369166666665
2915,"S3","S3",1012,847.766427777777,164.233572222223
2915,"S3","S3",1278,1580.47655,-302.47655
2915,"S3","S3",1513,1352.82645555556,160.173544444443
2915,"S3","S3",1827,1639.56159444444,187.438405555556
2915,"S3","S3",2141,1567.18322222222,573.816777777777
2915,"S3","S3",2395,2400.58610555555,-5.5861055555547
2915,"S3","S3",2656,3150.95217222222,-494.952172222219
2915,"S3","S1",2915,3145.47782222222,-230.477822222223
2915,"S3","S2",2915,2868.31446666667,46.6855333333324
2915,"S3","S3",2915,2387.85433333333,527.14566666667
2915,"S3","S4",2915,3547.08001111111,-632.080011111108
2915,"S3","S5",2915,2652.95105555555,262.048944444448
2915,"S3","S3",3181,3636.94515555555,-455.945155555552
2915,"S3","S3",3388,3361.22522222222,26.7747777777786
2915,"S3","S3",3673,3807.00707222222,-134.007072222217
2915,"S3","S3",3949,3759.45553888888,189.544461111117
2915,"S3","S3",4267,4379.36844444444,-112.368444444443
2915,"S3","S3",4731,3889.42856111111,841.571438888894
2915,"S3","S3",4972,4109.98731666666,862.012683333339
2915,"S4","S4",516,679.140772222222,-163.140772222222
2915,"S4","S4",741,904.488105555555,-163.488105555555
2915,"S4","S4",1012,755.655177777778,256.344822222222
2915,"S4","S4",1278,1082.17646111111,195.823538888889
2915,"S4","S4",1513,1412.8901,100.109900000001
2915,"S4","S4",1827,2231.45310555556,-404.453105555556
2915,"S4","S4",2141,2534.50793333334,-393.507933333336
2915,"S4","S4",2395,2314.48001111111,80.5199888888919
2915,"S4","S4",2656,2382.15865,273.841349999999
2915,"S4","S1",2915,3444.79845,-529.798450000002
2915,"S4","S2",2915,2748.08085,166.919149999999
2915,"S4","S3",2915,2310.39679444445,604.603205555553
2915,"S4","S4",2915,3521.41057222222,-606.410572222224
2915,"S4","S5",2915,2601.10285555555,313.897144444446
2915,"S4","S4",3181,3379.1987,-198.198699999999
2915,"S4","S4",3388,3429.81190555556,-41.8119055555576
2915,"S4","S4",3673,2590.06053888889,1082.93946111111
2915,"S4","S4",3949,3612.53821666667,336.46178333333
2915,"S4","S4",4267,4574.74123333333,-307.741233333331
2915,"S4","S4",4731,3612.7547,1118.2453
2915,"S4","S4",4972,3645.66876666667,1326.33123333333
2915,"S5","S5",268,825.308438888889,-557.308438888889
2915,"S5","S5",516,1205.34125555555,-689.341255555555
2915,"S5","S5",741,1196.03354444445,-455.033544444445
2915,"S5","S5",1012,1409.40927222222,-397.409272222223
2915,"S5","S5",1278,1485.48802777777,-207.488027777774
2915,"S5","S5",1513,1616.39413888889,-103.394138888888
2915,"S5","S5",1827,1950.90655,-123.906549999998
2915,"S5","S5",2141,2946.16538333334,-805.165383333337
2915,"S5","S5",2395,2670.68831111111,-275.688311111113
2915,"S5","S5",2656,2293.12806666666,362.871933333337
2915,"S5","S1",2915,3215.44983888888,-300.449838888882
2915,"S5","S2",2915,2790.9422,124.057799999999
2915,"S5","S3",2915,2356.98392777777,558.016072222225
2915,"S5","S4",2915,3493.39471111111,-578.394711111113
2915,"S5","S5",2915,2679.22462222222,235.775377777778
2915,"S5","S5",3181,3715.82448333333,-534.824483333333
2915,"S5","S5",3388,3596.2523,-208.252299999996
2915,"S5","S5",3673,2743.50275,929.497250000002
2915,"S5","S5",3949,3449.78101111111,499.218988888887
2915,"S5","S5",4267,4460.29455,-193.294550000002
2915,"S5","S5",4972,4271.04115,700.958850000004
3181,"S1","S1",268,1617.44684444444,-1349.44684444444
3181,"S1","S1",516,1110.10226111111,-594.10226111111
3181,"S1","S1",741,1324.71101666667,-583.711016666667
3181,"S1","S1",1012,996.557349999999,15.442650000001
3181,"S1","S1",1278,1886.91208333333,-608.91208333333
3181,"S1","S1",1513,1629.24957222222,-116.24957222222
3181,"S1","S1",1827,2704.29419444444,-877.294194444443
3181,"S1","S1",2141,2578.50593333333,-437.505933333327
3181,"S1","S1",2395,2468.91102222222,-73.9110222222239
3181,"S1","S1",2656,2937.54509444444,-281.54509444444
3181,"S1","S1",2915,3191.4473888889,-276.447388888896
3181,"S1","S1",3181,3216.50457222222,-35.5045722222239
3181,"S1","S2",3181,3790.47303888889,-609.47303888889
3181,"S1","S3",3181,3876.82069444444,-695.820694444445
3181,"S1","S4",3181,3344.73380000001,-163.733800000006
3181,"S1","S5",3181,3896.01435555556,-715.014355555556
3181,"S1","S1",3388,3696.81175555555,-308.811755555554
3181,"S1","S1",3949,3861.596,87.4040000000005
3181,"S1","S1",4267,4339.34326111111,-72.343261111113
3181,"S1","S1",4731,4303.64031666667,427.359683333334
3181,"S1","S1",4972,3616.7247,1355.2753
3181,"S2","S2",268,595.214800000001,-327.214800000001
3181,"S2","S2",516,1504.67305555556,-988.673055555555
3181,"S2","S2",741,674.643105555555,66.3568944444449
3181,"S2","S2",1278,1490.20438888889,-212.20438888889
3181,"S2","S2",1513,1685.52844444445,-172.528444444446
3181,"S2","S2",1827,1617.66806111111,209.331938888891
3181,"S2","S2",2141,2434.85701666666,-293.857016666665
3181,"S2","S2",2395,2789.46185,-394.461850000005
3181,"S2","S2",2656,2578.82281111111,77.177188888887
3181,"S2","S2",2915,2892.95664444445,22.0433555555537
3181,"S2","S1",3181,3482.83011111111,-301.830111111111
3181,"S2","S2",3181,3956.86742777778,-775.867427777781
3181,"S2","S3",3181,3913.91834444444,-732.918344444443
3181,"S2","S4",3181,3086.51502777778,94.484972222222
3181,"S2","S5",3181,3893.27955,-712.27955
3181,"S2","S2",3388,2943.16999444445,444.830005555552
3181,"S2","S2",3673,2824.09227777778,848.907722222221
3181,"S2","S2",3949,3829.70808888889,119.291911111108
3181,"S2","S2",4267,3843.78924444445,423.210755555554
3181,"S2","S2",4473,4479.36456111111,-6.36456111111056
3181,"S2","S2",4731,3012.34487222222,1718.65512777778
3181,"S2","S2",4972,4572.40875000001,399.591249999994
3181,"S3","S3",268,741.866722222221,-473.866722222221
3181,"S3","S3",516,684.515749999999,-168.515749999999
3181,"S3","S3",741,780.592316666666,-39.5923166666661
3181,"S3","S3",1012,848.706844444444,163.293155555556
3181,"S3","S3",1278,1541.20875555555,-263.208755555554
3181,"S3","S3",1513,1340.49995,172.500050000001
3181,"S3","S3",1827,1605.44187777778,221.558122222223
3181,"S3","S3",2141,1587.14175555555,553.858244444447
3181,"S3","S3",2395,2396.99545,-1.99545000000171
3181,"S3","S3",2656,3163.88384444445,-507.883844444447
3181,"S3","S3",2915,2405.46505555555,509.534944444445
3181,"S3","S1",3181,3351.5637,-170.5637
3181,"S3","S2",3181,3865.71817777778,-684.71817777778
3181,"S3","S3",3181,3673.45242222222,-492.452422222225
3181,"S3","S4",3181,3392.6109,-211.610899999998
3181,"S3","S5",3181,3959.90485555556,-778.904855555557
3181,"S3","S3",3388,3390.70101111111,-2.70101111111217
3181,"S3","S3",3673,3725.55807777778,-52.5580777777773
3181,"S3","S3",3949,3883.04571666667,65.9542833333339
3181,"S3","S3",4267,4409.59076666667,-142.590766666669
3181,"S3","S3",4731,3898.86441111112,832.135588888883
3181,"S3","S3",4972,4029.69927777778,942.300722222225
3181,"S4","S4",516,679.787227777778,-163.787227777778
3181,"S4","S4",741,885.554377777778,-144.554377777778
3181,"S4","S4",1012,766.783505555555,245.216494444445
3181,"S4","S4",1278,1108.48388888889,169.516111111111
3181,"S4","S4",1513,1452.42234444444,60.5776555555562
3181,"S4","S4",1827,2197.19106111111,-370.191061111114
3181,"S4","S4",2141,2553.11313333334,-412.113133333336
3181,"S4","S4",2395,2271.60854444445,123.391455555554
3181,"S4","S4",2656,2454.82729444444,201.172705555555
3181,"S4","S4",2915,3767.2158,-852.215800000003
3181,"S4","S1",3181,3648.19458333334,-467.194583333337
3181,"S4","S2",3181,3735.08687222223,-554.08687222223
3181,"S4","S3",3181,3934.67800555556,-753.678005555559
3181,"S4","S4",3181,3461.74173888889,-280.741738888894
3181,"S4","S5",3181,3968.90446666667,-787.904466666671
3181,"S4","S4",3388,3463.52595555556,-75.5259555555626
3181,"S4","S4",3673,2592.69167222222,1080.30832777778
3181,"S4","S4",3949,3535.41393888889,413.586061111106
3181,"S4","S4",4267,4598.52712777778,-331.527127777784
3181,"S4","S4",4731,3595.53859444445,1135.46140555555
3181,"S4","S4",4972,3724.87057777778,1247.12942222222
3181,"S5","S5",268,832.104611111111,-564.104611111111
3181,"S5","S5",516,1183.30261111111,-667.302611111111
3181,"S5","S5",741,1181.59026666667,-440.590266666668
3181,"S5","S5",1012,1424.00445555556,-412.004455555556
3181,"S5","S5",1278,1501.64434444444,-223.644344444441
3181,"S5","S5",1513,1629.97145,-116.971449999998
3181,"S5","S5",1827,2008.30023888888,-181.300238888884
3181,"S5","S5",2141,2992.04585,-851.04585
3181,"S5","S5",2395,2735.5842,-340.584199999999
3181,"S5","S5",2656,2480.69800555555,175.30199444445
3181,"S5","S5",2915,2668.81936111111,246.180638888893
3181,"S5","S1",3181,3741.19850555555,-560.198505555552
3181,"S5","S2",3181,3847.17858888889,-666.178588888889
3181,"S5","S3",3181,3936.38341666667,-755.383416666672
3181,"S5","S4",3181,3382.46307222222,-201.463072222224
3181,"S5","S5",3181,3800.16791111111,-619.167911111113
3181,"S5","S5",3388,3612.94721666667,-224.947216666671
3181,"S5","S5",3673,2736.0704,936.929600000003
3181,"S5","S5",3949,3393.24769444445,555.752305555555
3181,"S5","S5",4267,4417.16016666667,-150.160166666667
3181,"S5","S5",4972,4254.32749444445,717.672505555553
3388,"S1","S1",268,1639.79798333333,-1371.79798333333
3388,"S1","S1",516,1150.01599444444,-634.015994444444
3388,"S1","S1",741,1304.34016666667,-563.340166666666
3388,"S1","S1",1012,1011.57499444444,0.425005555555686
3388,"S1","S1",1278,1885.68615,-607.686149999997
3388,"S1","S1",1513,1660.51206111111,-147.512061111107
3388,"S1","S1",1827,2727.31015555556,-900.310155555555
3388,"S1","S1",2141,2599.01826666666,-458.018266666662
3388,"S1","S1",2395,2478.39932222222,-83.3993222222207
3388,"S1","S1",2656,2883.73828888889,-227.738288888888
3388,"S1","S1",2915,3195.55626666666,-280.556266666663
3388,"S1","S1",3181,2887.75830555555,293.241694444446
3388,"S1","S1",3388,3642.02622777778,-254.026227777776
3388,"S1","S2",3388,3111.56306111111,276.436938888889
3388,"S1","S3",3388,3405.85023888889,-17.8502388888915
3388,"S1","S4",3388,3715.99055555556,-327.990555555558
3388,"S1","S5",3388,3684.88106111111,-296.881061111115
3388,"S1","S1",3949,3695.15690555555,253.843094444452
3388,"S1","S1",4267,4176.88976666666,90.1102333333374
3388,"S1","S1",4731,4319.3595,411.640500000004
3388,"S1","S1",4972,3403.6028,1568.3972
3388,"S2","S2",268,586.865744444444,-318.865744444444
3388,"S2","S2",516,1507.96156666667,-991.961566666668
3388,"S2","S2",741,678.661344444443,62.3386555555567
3388,"S2","S2",1278,1476.15509444444,-198.155094444444
3388,"S2","S2",1513,1674.78871111111,-161.78871111111
3388,"S2","S2",1827,1587.31654444444,239.683455555557
3388,"S2","S2",2141,2442.04035,-301.040350000001
3388,"S2","S2",2395,2768.89008888889,-373.890088888891
3388,"S2","S2",2656,2575.66261111111,80.3373888888896
3388,"S2","S2",2915,2873.04237777778,41.9576222222249
3388,"S2","S2",3181,3786.24298888889,-605.242988888888
3388,"S2","S1",3388,3633.4479,-245.447900000001
3388,"S2","S2",3388,2983.28681666667,404.713183333334
3388,"S2","S3",3388,3478.45953888888,-90.4595388888833
3388,"S2","S4",3388,3562.62122777777,-174.621227777774
3388,"S2","S5",3388,3674.48978333333,-286.489783333331
3388,"S2","S2",3673,2847.09248333333,825.907516666671
3388,"S2","S2",3949,3665.05428333333,283.94571666667
3388,"S2","S2",4267,3897.2192,369.780800000001
3388,"S2","S2",4473,4482.16127222222,-9.16127222222258
3388,"S2","S2",4731,3012.90134444445,1718.09865555555
3388,"S2","S2",4972,4594.71306666667,377.286933333333
3388,"S3","S3",268,737.482416666666,-469.482416666666
3388,"S3","S3",516,689.987266666667,-173.987266666667
3388,"S3","S3",741,769.385844444444,-28.3858444444438
3388,"S3","S3",1012,829.300966666666,182.699033333334
3388,"S3","S3",1278,1566.60534444444,-288.605344444443
3388,"S3","S3",1513,1354.47567777778,158.524322222223
3388,"S3","S3",1827,1657.17695555555,169.823044444445
3388,"S3","S3",2141,1620.12618888889,520.87381111111
3388,"S3","S3",2395,2425.80330555555,-30.8033055555538
3388,"S3","S3",2656,3058.08092222222,-402.080922222217
3388,"S3","S3",2915,2433.55941111111,481.440588888892
3388,"S3","S3",3181,3519.50243333333,-338.502433333334
3388,"S3","S1",3388,3448.37255,-60.3725499999987
3388,"S3","S2",3388,3045.37298888889,342.627011111109
3388,"S3","S3",3388,3292.67939444445,95.3206055555511
3388,"S3","S4",3388,3463.85013888889,-75.8501388888899
3388,"S3","S5",3388,3645.34922222222,-257.349222222222
3388,"S3","S3",3673,3744.93664444444,-71.9366444444395
3388,"S3","S3",3949,3743.37603888889,205.623961111114
3388,"S3","S3",4267,4310.26402777778,-43.2640277777773
3388,"S3","S3",4731,3846.05209444445,884.947905555553
3388,"S3","S3",4972,4089.10523333333,882.89476666667
3388,"S4","S4",516,682.186711111111,-166.186711111111
3388,"S4","S4",741,868.520922222221,-127.520922222221
3388,"S4","S4",1012,765.542577777778,246.457422222222
3388,"S4","S4",1278,1103.99063888889,174.00936111111
3388,"S4","S4",1513,1437.41447222222,75.5855277777807
3388,"S4","S4",1827,2238.22497222222,-411.224972222222
3388,"S4","S4",2141,2509.90241111111,-368.902411111113
3388,"S4","S4",2395,2292.71286111111,102.287138888893
3388,"S4","S4",2656,2439.88413333333,216.115866666666
3388,"S4","S4",2915,3435.75921666666,-520.759216666665
3388,"S4","S4",3181,3384.1144,-203.114400000004
3388,"S4","S1",3388,3632.83517777778,-244.835177777778
3388,"S4","S2",3388,3157.30106666667,230.698933333334
3388,"S4","S3",3388,3478.34631666667,-90.3463166666656
3388,"S4","S4",3388,3559.21451111111,-171.214511111112
3388,"S4","S5",3388,3680.11563888889,-292.115638888889
3388,"S4","S4",3673,2561.24228888889,1111.75771111111
3388,"S4","S4",3949,3621.50611666666,327.493883333335
3388,"S4","S4",4267,4574.20166666667,-307.201666666668
3388,"S4","S4",4731,3619.95512222222,1111.04487777778
3388,"S4","S4",4972,3668.0054,1303.9946
3388,"S5","S5",268,822.654011111111,-554.654011111111
3388,"S5","S5",516,1244.75775,-728.757749999999
3388,"S5","S5",741,1173.45287222222,-432.452872222224
3388,"S5","S5",1012,1467.60631111111,-455.606311111108
3388,"S5","S5",1278,1503.93185555555,-225.931855555554
3388,"S5","S5",1513,1613.68231111111,-100.682311111108
3388,"S5","S5",1827,2034.02073333333,-207.020733333331
3388,"S5","S5",2141,2979.45786111111,-838.45786111111
3388,"S5","S5",2395,2681.92061111111,-286.920611111113
3388,"S5","S5",2656,2471.81989444444,184.180105555562
3388,"S5","S5",2915,2651.16714999999,263.832850000006
3388,"S5","S5",3181,3654.16163888889,-473.161638888889
3388,"S5","S1",3388,3686.56208333334,-298.56208333334
3388,"S5","S2",3388,3078.82013333334,309.179866666665
3388,"S5","S3",3388,3462.24236111112,-74.242361111118
3388,"S5","S4",3388,3731.57787777778,-343.577877777777
3388,"S5","S5",3388,3748.99882222222,-360.998822222221
3388,"S5","S5",3673,2761.28361111111,911.716388888891
3388,"S5","S5",3949,3376.51261111111,572.487388888892
3388,"S5","S5",4267,4493.73365555556,-226.73365555556
3388,"S5","S5",4972,4282.70096111112,689.299038888884
3673,"S2","S2",268,637.070677777778,-369.070677777778
3673,"S2","S2",516,1310.85352222222,-794.853522222221
3673,"S2","S2",741,711.233755555555,29.7662444444454
3673,"S2","S2",1278,1564.1314,-286.1314
3673,"S2","S2",1513,1628.23977222222,-115.239772222221
3673,"S2","S2",1827,1603.41865,223.581350000004
3673,"S2","S2",2141,2428.95271666667,-287.952716666669
3673,"S2","S2",2395,2699.21485555556,-304.214855555558
3673,"S2","S2",2656,2377.06165555556,278.938344444443
3673,"S2","S2",2915,2663.4844,251.515599999997
3673,"S2","S2",3181,3777.18245,-596.18245
3673,"S2","S2",3388,2756.23230555556,631.767694444442
3673,"S2","S2",3673,2506.92555,1166.07445
3673,"S2","S3",3673,3579.48253333334,93.5174666666617
3673,"S2","S4",3673,2184.55646111111,1488.44353888889
3673,"S2","S5",3673,2300.94073888889,1372.05926111111
3673,"S2","S2",3949,3624.532,324.468000000001
3673,"S2","S2",4267,3755.51277222222,511.487227777778
3673,"S2","S2",4473,4457.03975555556,15.9602444444427
3673,"S2","S2",4731,3132.21987222222,1598.78012777778
3673,"S2","S2",4972,4541.14604444445,430.853955555554
3673,"S3","S3",268,719.209022222222,-451.209022222222
3673,"S3","S3",516,667.845588888888,-151.845588888888
3673,"S3","S3",741,770.746122222222,-29.7461222222217
3673,"S3","S3",1012,842.726027777777,169.273972222223
3673,"S3","S3",1278,1540.33137777778,-262.331377777777
3673,"S3","S3",1513,1353.594,159.406
3673,"S3","S3",1827,1573.71537222222,253.284627777779
3673,"S3","S3",2141,1653.50607777778,487.493922222225
3673,"S3","S3",2395,2296.86984444444,98.1301555555556
3673,"S3","S3",2656,3192.22278333333,-536.222783333335
3673,"S3","S3",2915,2413.87786666666,501.122133333336
3673,"S3","S3",3181,3514.40807222222,-333.408072222223
3673,"S3","S3",3388,3336.37741111111,51.622588888888
3673,"S3","S2",3673,2446.31014999999,1226.68985000001
3673,"S3","S3",3673,3710.53964444444,-37.5396444444427
3673,"S3","S4",3673,2263.85711111111,1409.14288888889
3673,"S3","S5",3673,2374.35644444444,1298.64355555556
3673,"S3","S3",3949,3719.05506111111,229.944938888887
3673,"S3","S3",4267,4342.25188333334,-75.2518833333352
3673,"S3","S3",4731,3872.06016111111,858.939838888887
3673,"S3","S3",4972,4000.91377777778,971.086222222222
3673,"S4","S4",516,689.979972222222,-173.979972222222
3673,"S4","S4",741,981.939661111112,-240.939661111112
3673,"S4","S4",1012,784.108127777778,227.891872222222
3673,"S4","S4",1278,1096.20285555555,181.797144444445
3673,"S4","S4",1513,1432.96443333333,80.035566666669
3673,"S4","S4",1827,2101.36231666666,-274.362316666664
3673,"S4","S4",2141,2590.20316111111,-449.203161111114
3673,"S4","S4",2395,2027.26933333333,367.730666666666
3673,"S4","S4",2656,2438.82025,217.17975
3673,"S4","S4",2915,3516.36881666667,-601.368816666669
3673,"S4","S4",3181,3450.62370555556,-269.62370555556
3673,"S4","S4",3388,3507.97576666667,-119.975766666666
3673,"S4","S2",3673,2447.52742777778,1225.47257222222
3673,"S4","S3",3673,3843.64871666667,-170.648716666667
3673,"S4","S4",3673,2215.90365555555,1457.09634444445
3673,"S4","S5",3673,2486.95367222222,1186.04632777778
3673,"S4","S4",3949,3711.87446666667,237.12553333333
3673,"S4","S4",4267,4537.63252222223,-270.632522222231
3673,"S4","S4",4731,3733.89457222222,997.105427777777
3673,"S4","S4",4972,3774.45780555556,1197.54219444444
3673,"S5","S5",268,815.612905555556,-547.612905555556
3673,"S5","S5",516,1142.81520555556,-626.815205555556
3673,"S5","S5",741,1192.99903888889,-451.999038888889
3673,"S5","S5",1012,1441.87960555556,-429.879605555555
3673,"S5","S5",1278,1481.83330555555,-203.833305555554
3673,"S5","S5",1513,1566.41147222222,-53.4114722222189
3673,"S5","S5",1827,1995.67357222222,-168.67357222222
3673,"S5","S5",2141,3001.23883333333,-860.238833333332
3673,"S5","S5",2395,2606.42685,-211.426849999999
3673,"S5","S5",2656,2407.42903333333,248.570966666674
3673,"S5","S5",2915,2439.83907222221,475.160927777787
3673,"S5","S5",3181,3670.72705555556,-489.727055555555
3673,"S5","S5",3388,3482.83461111111,-94.8346111111082
3673,"S5","S2",3673,2456.22092777777,1216.77907222223
3673,"S5","S3",3673,3870.30043333333,-197.300433333332
3673,"S5","S4",3673,2232.55852777777,1440.44147222223
3673,"S5","S5",3673,2326.92303888889,1346.07696111111
3673,"S5","S5",3949,3398.24097777778,550.759022222221
3673,"S5","S5",4267,4486.42082222223,-219.420822222226
3673,"S5","S5",4972,4247.19333333334,724.806666666664
3949,"S1","S1",268,1587.20462222222,-1319.20462222222
3949,"S1","S1",516,1142.90623888889,-626.906238888889
3949,"S1","S1",741,1240.85223333333,-499.852233333334
3949,"S1","S1",1012,997.389477777777,14.6105222222229
3949,"S1","S1",1278,1874.66371666667,-596.663716666665
3949,"S1","S1",1513,1662.27377222222,-149.273772222219
3949,"S1","S1",1827,2747.76089444444,-920.760894444443
3949,"S1","S1",2141,2597.83347777777,-456.833477777774
3949,"S1","S1",2395,2497.99295,-102.992949999999
3949,"S1","S1",2656,2914.93450555555,-258.934505555553
3949,"S1","S1",2915,3189.7451,-274.7451
3949,"S1","S1",3181,2919.01357777778,261.986422222221
3949,"S1","S1",3388,3533.89147222223,-145.891472222227
3949,"S1","S1",3949,3759.46661666667,189.533383333329
3949,"S1","S2",3949,3435.26155000001,513.738449999991
3949,"S1","S3",3949,3705.69198333333,243.308016666665
3949,"S1","S4",3949,4055.13451111111,-106.134511111112
3949,"S1","S5",3949,3602.33618333333,346.663816666669
3949,"S1","S1",4267,4103.1665,163.833499999995
3949,"S1","S1",4731,4249.01578333333,481.984216666668
3949,"S1","S1",4972,3448.31316111111,1523.68683888889
3949,"S2","S2",268,628.509955555556,-360.509955555556
3949,"S2","S2",516,1491.29538888889,-975.295388888887
3949,"S2","S2",741,684.0245,56.9755000000005
3949,"S2","S2",1278,1489.42985,-211.429849999998
3949,"S2","S2",1513,1645.91711666666,-132.917116666665
3949,"S2","S2",1827,1612.77506111111,214.22493888889
3949,"S2","S2",2141,2441.50858333333,-300.508583333334
3949,"S2","S2",2395,2750.64521666667,-355.645216666667
3949,"S2","S2",2656,2583.57826111111,72.4217388888901
3949,"S2","S2",2915,2869.49401666667,45.5059833333348
3949,"S2","S2",3181,3801.7735,-620.773499999999
3949,"S2","S2",3388,2989.07688333333,398.923116666668
3949,"S2","S2",3673,2850.33429444444,822.66570555556
3949,"S2","S1",3949,4187.90206111111,-238.902061111113
3949,"S2","S2",3949,3576.08646111111,372.91353888889
3949,"S2","S3",3949,3643.22314444445,305.776855555553
3949,"S2","S4",3949,4026.43710555556,-77.4371055555562
3949,"S2","S5",3949,3260.6093,688.3907
3949,"S2","S2",4267,3820.52041111111,446.47958888889
3949,"S2","S2",4473,4498.97468333334,-25.9746833333375
3949,"S2","S2",4731,2992.77628333333,1738.22371666667
3949,"S2","S2",4972,4601.15008888889,370.849911111109
3949,"S3","S3",268,730.851316666667,-462.851316666667
3949,"S3","S3",516,683.502672222223,-167.502672222223
3949,"S3","S3",741,773.2965,-32.2965000000003
3949,"S3","S3",1012,841.301183333332,170.698816666668
3949,"S3","S3",1278,1581.33741111111,-303.337411111111
3949,"S3","S3",1513,1352.5553,160.4447
3949,"S3","S3",1827,1625.6091,201.3909
3949,"S3","S3",2141,1629.63372777778,511.366272222223
3949,"S3","S3",2395,2414.09054444445,-19.0905444444452
3949,"S3","S3",2656,2987.50202222222,-331.50202222222
3949,"S3","S3",2915,2417.53607777777,497.463922222226
3949,"S3","S3",3181,3458.4576,-277.457600000002
3949,"S3","S3",3388,3115.36412222222,272.635877777777
3949,"S3","S3",3673,3726.82795555556,-53.8279555555578
3949,"S3","S1",3949,4189.72932777778,-240.729327777781
3949,"S3","S2",3949,3568.32012777778,380.679872222217
3949,"S3","S3",3949,3635.86016111111,313.139838888886
3949,"S3","S4",3949,3959.22641666667,-10.2264166666705
3949,"S3","S5",3949,3266.808,682.192
3949,"S3","S3",4267,4373.57242777778,-106.57242777778
3949,"S3","S3",4731,3747.55440555556,983.445594444443
3949,"S3","S3",4972,4080.06977222222,891.93022777778
3949,"S4","S4",516,737.171122222222,-221.171122222222
3949,"S4","S4",741,893.790577777777,-152.790577777777
3949,"S4","S4",1012,783.439183333332,228.560816666668
3949,"S4","S4",1278,1083.81190555556,194.188094444445
3949,"S4","S4",1513,1430.74173333333,82.2582666666694
3949,"S4","S4",1827,2277.68686666666,-450.686866666663
3949,"S4","S4",2141,2573.80292222222,-432.802922222225
3949,"S4","S4",2395,2445.88987222222,-50.8898722222189
3949,"S4","S4",2656,2429.59586111111,226.404138888888
3949,"S4","S4",2915,3494.51015555556,-579.510155555556
3949,"S4","S4",3181,3305.70020555555,-124.700205555553
3949,"S4","S4",3388,3386.32194444444,1.67805555555969
3949,"S4","S4",3673,2642.77012222222,1030.22987777778
3949,"S4","S1",3949,4017.08025,-68.0802500000013
3949,"S4","S2",3949,3545.42333888889,403.576661111111
3949,"S4","S3",3949,3543.5632,405.436799999998
3949,"S4","S4",3949,3469.63146666666,479.368533333336
3949,"S4","S5",3949,3173.93106111111,775.068938888892
3949,"S4","S4",4267,4555.78316666667,-288.783166666667
3949,"S4","S4",4731,3532.07088333334,1198.92911666666
3949,"S4","S4",4972,3539.99988888889,1432.00011111111
3949,"S5","S5",268,847.247633333332,-579.247633333332
3949,"S5","S5",516,1227.06506111111,-711.065061111109
3949,"S5","S5",741,1112.09668333333,-371.096683333333
3949,"S5","S5",1012,1452.33565,-440.33565
3949,"S5","S5",1278,1507.18008333333,-229.18008333333
3949,"S5","S5",1513,1641.04171111111,-128.041711111109
3949,"S5","S5",1827,2019.89434444444,-192.89434444444
3949,"S5","S5",2141,2961.67518888889,-820.675188888889
3949,"S5","S5",2395,2730.14688333333,-335.146883333332
3949,"S5","S5",2656,2444.99099444444,211.009005555564
3949,"S5","S5",2915,2745.70695555555,169.293044444445
3949,"S5","S5",3181,3561.38283333333,-380.382833333334
3949,"S5","S5",3388,3473.74755555555,-85.7475555555543
3949,"S5","S5",3673,2817.06718333333,855.93281666667
3949,"S5","S1",3949,3943.85933333334,5.14066666666349
3949,"S5","S2",3949,3788.98361666667,160.016383333334
3949,"S5","S3",3949,3735.65388333333,213.346116666667
3949,"S5","S4",3949,4189.95944444444,-240.959444444445
3949,"S5","S5",3949,3424.62318333333,524.376816666667
3949,"S5","S5",4267,4431.69518888889,-164.695188888889
3949,"S5","S5",4972,4202.54433333333,769.455666666666
4267,"S1","S1",268,1719.73076111111,-1451.73076111111
4267,"S1","S1",516,1145.01456666667,-629.014566666665
4267,"S1","S1",741,1191.55317777778,-450.553177777778
4267,"S1","S1",1012,1019.87357777778,-7.87357777777675
4267,"S1","S1",1278,1869.26161111111,-591.26161111111
4267,"S1","S1",1513,1575.37619444444,-62.3761944444427
4267,"S1","S1",1827,2828.24319444444,-1001.24319444444
4267,"S1","S1",2141,2581.10816666666,-440.108166666664
4267,"S1","S1",2395,2547.90008333334,-152.900083333337
4267,"S1","S1",2656,2937.95564444444,-281.955644444442
4267,"S1","S1",2915,3198.17696111111,-283.176961111111
4267,"S1","S1",3181,2770.46587777778,410.534122222224
4267,"S1","S1",3388,3554.83003888889,-166.830038888892
4267,"S1","S1",3949,3547.09601666667,401.903983333328
4267,"S1","S1",4267,4063.20695000001,203.793049999994
4267,"S1","S2",4267,3417.41382777778,849.586172222219
4267,"S1","S3",4267,4340.83218333334,-73.8321833333375
4267,"S1","S4",4267,4434.24961111111,-167.249611111114
4267,"S1","S5",4267,4450.06267222222,-183.062672222224
4267,"S1","S1",4731,4299.01603888889,431.983961111107
4267,"S1","S1",4972,3177.67047777778,1794.32952222222
4267,"S2","S2",268,603.394477777778,-335.394477777778
4267,"S2","S2",516,1526.55812222222,-1010.55812222222
4267,"S2","S2",741,687.780033333333,53.2199666666667
4267,"S2","S2",1278,1472.90326666667,-194.903266666666
4267,"S2","S2",1513,1677.71964444444,-164.719644444441
4267,"S2","S2",1827,1620.25847777778,206.741522222225
4267,"S2","S2",2141,2415.70813333333,-274.70813333333
4267,"S2","S2",2395,2784.17912777778,-389.179127777779
4267,"S2","S2",2656,2671.27884444444,-15.2788444444432
4267,"S2","S2",2915,2851.15988888889,63.8401111111134
4267,"S2","S2",3181,3805.806,-624.806
4267,"S2","S2",3388,2962.17690555556,425.823094444443
4267,"S2","S2",3673,2809.74234444444,863.257655555557
4267,"S2","S2",3949,3559.68150555556,389.318494444443
4267,"S2","S1",4267,4044.51650555556,222.483494444438
4267,"S2","S2",4267,3786.11748888889,480.88251111111
4267,"S2","S3",4267,4366.0371388889,-99.0371388888989
4267,"S2","S4",4267,4597.81075555556,-330.810755555563
4267,"S2","S5",4267,4513.30478333334,-246.304783333338
4267,"S2","S2",4473,4543.8829388889,-70.8829388888962
4267,"S2","S2",4731,3084.16810555555,1646.83189444445
4267,"S2","S2",4972,4562.58255555556,409.417444444439
4267,"S3","S3",268,731.434694444444,-463.434694444444
4267,"S3","S3",516,683.253911111111,-167.253911111111
4267,"S3","S3",741,774.25005,-33.25005
4267,"S3","S3",1012,829.853549999999,182.146450000001
4267,"S3","S3",1278,1482.21496111111,-204.214961111112
4267,"S3","S3",1513,1350.74097777778,162.259022222221
4267,"S3","S3",1827,1654.47226111111,172.527738888889
4267,"S3","S3",2141,1611.42718888889,529.572811111112
4267,"S3","S3",2395,2410.87422777778,-15.8742277777756
4267,"S3","S3",2656,3085.77527777778,-429.775277777777
4267,"S3","S3",2915,2340.86634444444,574.133655555562
4267,"S3","S3",3181,3459.06415555555,-278.064155555554
4267,"S3","S3",3388,3317.08705,70.9129499999995
4267,"S3","S3",3673,3695.36742222222,-22.3674222222221
4267,"S3","S3",3949,3551.93969444445,397.060305555553
4267,"S3","S1",4267,3985.61395,281.386049999996
4267,"S3","S2",4267,3597.57972222222,669.420277777782
4267,"S3","S3",4267,4340.94230555556,-73.9423055555599
4267,"S3","S4",4267,4575.478,-308.478000000004
4267,"S3","S5",4267,4603.89728888889,-336.897288888892
4267,"S3","S3",4731,3752.43992222223,978.560077777774
4267,"S3","S3",4972,3905.24781111111,1066.75218888889
4267,"S4","S4",516,669.860655555555,-153.860655555555
4267,"S4","S4",741,875.210661111112,-134.210661111112
4267,"S4","S4",1012,734.459055555556,277.540944444444
4267,"S4","S4",1278,1108.18948333333,169.810516666669
4267,"S4","S4",1513,1432.66234444444,80.3376555555574
4267,"S4","S4",1827,2299.06703888889,-472.067038888889
4267,"S4","S4",2141,2533.46063333333,-392.460633333334
4267,"S4","S4",2395,2387.05935555555,7.9406444444453
4267,"S4","S4",2656,2429.58862222222,226.411377777777
4267,"S4","S4",2915,3416.26655555556,-501.266555555562
4267,"S4","S4",3181,3484.71860555556,-303.718605555561
4267,"S4","S4",3388,3508.51945555555,-120.519455555555
4267,"S4","S4",3673,2624.44446111111,1048.55553888889
4267,"S4","S4",3949,3606.87477777778,342.125222222222
4267,"S4","S1",4267,3934.09167777779,332.908322222211
4267,"S4","S2",4267,3570.70867222223,696.291327777772
4267,"S4","S3",4267,3995.94859444445,271.05140555555
4267,"S4","S4",4267,4520.81857777778,-253.818577777784
4267,"S4","S5",4267,4198.56267777778,68.4373222222193
4267,"S4","S4",4731,3535.26686666667,1195.73313333333
4267,"S4","S4",4972,3587.14555555556,1384.85444444444
4267,"S5","S5",268,836.14705,-568.14705
4267,"S5","S5",516,1242.98687777778,-726.986877777777
4267,"S5","S5",741,1117.98081666667,-376.980816666668
4267,"S5","S5",1012,1486.4977,-474.497699999999
4267,"S5","S5",1278,1489.86533888889,-211.865338888887
4267,"S5","S5",1513,1616.58007222222,-103.58007222222
4267,"S5","S5",1827,2012.19673888889,-185.196738888887
4267,"S5","S5",2141,2980.04245,-839.042449999999
4267,"S5","S5",2395,2754.91163888889,-359.911638888888
4267,"S5","S5",2656,2467.47752222222,188.522477777782
4267,"S5","S5",2915,2738.83126666666,176.168733333338
4267,"S5","S5",3181,3557.1856388889,-376.185638888896
4267,"S5","S5",3388,3559.06415555556,-171.064155555558
4267,"S5","S5",3673,2760.42558888889,912.574411111112
4267,"S5","S5",3949,3545.37256666666,403.627433333335
4267,"S5","S1",4267,4111.12034444445,155.879655555551
4267,"S5","S2",4267,3696.20042777779,570.799572222214
4267,"S5","S3",4267,4163.53602777779,103.463972222211
4267,"S5","S4",4267,4553.10777777778,-286.107777777782
4267,"S5","S5",4267,4502.48135555557,-235.481355555566
4267,"S5","S5",4972,4305.96708333334,666.032916666659
4473,"S2","S2",268,607.932555555556,-339.932555555556
4473,"S2","S2",516,1497.66862777778,-981.668627777779
4473,"S2","S2",741,691.52501111111,49.4749888888897
4473,"S2","S2",1278,1465.78905555556,-187.789055555556
4473,"S2","S2",1513,1685.89139444444,-172.891394444444
4473,"S2","S2",1827,1621.11676111111,205.88323888889
4473,"S2","S2",2141,2418.67808333333,-277.678083333334
4473,"S2","S2",2395,2781.72323333334,-386.723233333338
4473,"S2","S2",2656,2599.67033888889,56.3296611111123
4473,"S2","S2",2915,2838.14468888889,76.8553111111105
4473,"S2","S2",3181,3746.11747777778,-565.117477777784
4473,"S2","S2",3388,2964.35804444445,423.641955555553
4473,"S2","S2",3673,2789.94441666666,883.055583333337
4473,"S2","S2",3949,3607.84292777778,341.157072222222
4473,"S2","S2",4267,3812.68449444445,454.315505555554
4473,"S2","S2",4473,4462.04287777778,10.9571222222194
4473,"S2","S2",4731,3053.73103333334,1677.26896666666
4473,"S2","S2",4972,4547.64606111111,424.353938888887
4731,"S1","S1",268,1474.36702777778,-1206.36702777778
4731,"S1","S1",516,1155.25881111111,-639.25881111111
4731,"S1","S1",741,1419.49728888889,-678.49728888889
4731,"S1","S1",1012,983.216077777777,28.7839222222233
4731,"S1","S1",1278,1843.60230555556,-565.602305555556
4731,"S1","S1",1513,1633.9813,-120.981299999998
4731,"S1","S1",1827,2661.37777777778,-834.377777777777
4731,"S1","S1",2141,2544.65425,-403.654249999997
4731,"S1","S1",2395,2448.20430555556,-53.2043055555559
4731,"S1","S1",2656,2840.14465,-184.144649999998
4731,"S1","S1",2915,3003.11542777778,-88.1154277777796
4731,"S1","S1",3181,2742.17848888889,438.821511111111
4731,"S1","S1",3388,3508.93615,-120.936149999999
4731,"S1","S1",3949,3786.17578888889,162.824211111114
4731,"S1","S1",4267,3998.91632222222,268.083677777778
4731,"S1","S1",4731,4097.63498333333,633.365016666668
4731,"S1","S2",4731,3151.77993333334,1579.22006666666
4731,"S1","S3",4731,3720.62326111111,1010.37673888889
4731,"S1","S4",4731,3878.39640555555,852.603594444448
4731,"S1","S1",4972,3508.06776666667,1463.93223333333
4731,"S2","S2",268,602.155088888889,-334.155088888889
4731,"S2","S2",516,1552.51578888889,-1036.51578888889
4731,"S2","S2",741,686.242244444445,54.7577555555555
4731,"S2","S2",1278,1466.96667222222,-188.966672222221
4731,"S2","S2",1513,1715.83789444444,-202.837894444442
4731,"S2","S2",1827,1637.07759444444,189.922405555556
4731,"S2","S2",2141,2420.52204444444,-279.522044444444
4731,"S2","S2",2395,2771.30423333334,-376.304233333336
4731,"S2","S2",2656,2591.26846111111,64.7315388888915
4731,"S2","S2",2915,2853.99864444444,61.0013555555611
4731,"S2","S2",3181,3739.98568333334,-558.985683333338
4731,"S2","S2",3388,2986.34155555555,401.658444444447
4731,"S2","S2",3673,2812.17608888888,860.823911111116
4731,"S2","S2",3949,3623.83407222222,325.165927777778
4731,"S2","S2",4267,3841.41067222222,425.589327777775
4731,"S2","S2",4473,4268.80818333334,204.191816666664
4731,"S2","S1",4731,4120.63767777779,610.362322222213
4731,"S2","S2",4731,2987.88774444444,1743.11225555556
4731,"S2","S3",4731,3506.14552777777,1224.85447222223
4731,"S2","S4",4731,3866.00446666667,864.995533333325
4731,"S2","S2",4972,4396.3815388889,575.618461111102
4731,"S3","S3",268,707.24861111111,-439.24861111111
4731,"S3","S3",516,666.152294444443,-150.152294444443
4731,"S3","S3",741,749.651583333332,-8.65158333333238
4731,"S3","S3",1012,852.151783333333,159.848216666667
4731,"S3","S3",1278,1561.47712777778,-283.477127777778
4731,"S3","S3",1513,1332.7974,180.202600000001
4731,"S3","S3",1827,1686.21362222222,140.786377777777
4731,"S3","S3",2141,1599.19463333333,541.805366666668
4731,"S3","S3",2395,2430.374,-35.3740000000021
4731,"S3","S3",2656,2820.58492222222,-164.584922222222
4731,"S3","S3",2915,2328.65161111111,586.34838888889
4731,"S3","S3",3181,3489.65778888889,-308.65778888889
4731,"S3","S3",3388,3320.14575555555,67.8542444444493
4731,"S3","S3",3673,3615.7301111111,57.2698888888954
4731,"S3","S3",3949,3597.28985555555,351.710144444452
4731,"S3","S3",4267,4340.57027222222,-73.5702722222186
4731,"S3","S1",4731,4164.87223333333,566.127766666671
4731,"S3","S2",4731,3023.66437777778,1707.33562222222
4731,"S3","S3",4731,3590.3064,1140.6936
4731,"S3","S4",4731,3844.26356666667,886.736433333332
4731,"S3","S3",4972,3986.67650555556,985.323494444444
4731,"S4","S4",516,692.400211111111,-176.400211111111
4731,"S4","S4",741,828.298627777777,-87.2986277777771
4731,"S4","S4",1012,771.98291111111,240.01708888889
4731,"S4","S4",1278,1112.28868888889,165.711311111111
4731,"S4","S4",1513,1435.20513888889,77.7948611111135
4731,"S4","S4",1827,2271.70212777778,-444.702127777778
4731,"S4","S4",2141,2542.01692777778,-401.016927777779
4731,"S4","S4",2395,2379.30938888889,15.6906111111139
4731,"S4","S4",2656,2388.45182777777,267.548172222228
4731,"S4","S4",2915,3313.92099444444,-398.920994444441
4731,"S4","S4",3181,3225.23768333333,-44.2376833333319
4731,"S4","S4",3388,3308.67753333333,79.3224666666692
4731,"S4","S4",3673,2664.92553888889,1008.07446111111
4731,"S4","S4",3949,3550.89378333334,398.106216666665
4731,"S4","S4",4267,4412.83649999999,-145.836499999993
4731,"S4","S1",4731,4114.01123888889,616.988761111112
4731,"S4","S2",4731,3065.76823333333,1665.23176666667
4731,"S4","S3",4731,3652.21953333333,1078.78046666667
4731,"S4","S4",4731,3511.29971666667,1219.70028333333
4731,"S4","S4",4972,3554.63581666667,1417.36418333333
4972,"S1","S1",268,1531.35238888889,-1263.35238888889
4972,"S1","S1",516,1193.70195555555,-677.701955555554
4972,"S1","S1",741,1115.97348888889,-374.97348888889
4972,"S1","S1",1012,988.6428,23.3572000000004
4972,"S1","S1",1278,1876.45920555555,-598.459205555554
4972,"S1","S1",1513,1581.57848333333,-68.5784833333312
4972,"S1","S1",1827,2790.09256666666,-963.092566666663
4972,"S1","S1",2141,2667.12520555555,-526.12520555555
4972,"S1","S1",2395,2469.87877777778,-74.8787777777793
4972,"S1","S1",2656,2919.41466666666,-263.414666666665
4972,"S1","S1",2915,3184.74266111111,-269.742661111109
4972,"S1","S1",3181,2799.11451666666,381.885483333337
4972,"S1","S1",3388,3600.28734444445,-212.287344444449
4972,"S1","S1",3949,3403.03046111111,545.969538888887
4972,"S1","S1",4267,4009.58913333334,257.41086666666
4972,"S1","S1",4731,4133.86119444445,597.138805555553
4972,"S1","S1",4972,3063.55873888889,1908.44126111111
4972,"S1","S2",4972,4249.95206666667,722.047933333334
4972,"S1","S3",4972,3766.63113333333,1205.36886666667
4972,"S1","S4",4972,3551.04997777778,1420.95002222222
4972,"S1","S5",4972,3477.94257222222,1494.05742777778
4972,"S2","S2",268,618.848861111111,-350.848861111111
4972,"S2","S2",516,1477.11737222222,-961.117372222223
4972,"S2","S2",741,707.880322222222,33.1196777777782
4972,"S2","S2",1278,1475.64292222222,-197.64292222222
4972,"S2","S2",1513,1657.41220555555,-144.412205555553
4972,"S2","S2",1827,1634.0777,192.922300000004
4972,"S2","S2",2141,2424.56386666667,-283.563866666668
4972,"S2","S2",2395,2742.98550555556,-347.985505555559
4972,"S2","S2",2656,2616.71512777778,39.2848722222207
4972,"S2","S2",2915,2812.66458333333,102.335416666667
4972,"S2","S2",3181,3633.96812777778,-452.968127777783
4972,"S2","S2",3388,2933.17327222223,454.826727777772
4972,"S2","S2",3673,2788.38823888889,884.611761111112
4972,"S2","S2",3949,3503.32421111111,445.675788888892
4972,"S2","S2",4267,3554.69512222222,712.304877777779
4972,"S2","S2",4473,4194.56483333334,278.435166666663
4972,"S2","S2",4731,3004.98128333333,1726.01871666667
4972,"S2","S1",4972,3645.07017777778,1326.92982222222
4972,"S2","S2",4972,4155.72426111112,816.275738888881
4972,"S2","S3",4972,3627.60468888889,1344.39531111111
4972,"S2","S4",4972,3543.27047222222,1428.72952777778
4972,"S2","S5",4972,3803.90348333334,1168.09651666666
4972,"S3","S3",268,732.843933333333,-464.843933333333
4972,"S3","S3",516,680.121294444443,-164.121294444443
4972,"S3","S3",741,774.759394444444,-33.7593944444442
4972,"S3","S3",1012,818.569927777777,193.430072222223
4972,"S3","S3",1278,1427.83400555555,-149.834005555554
4972,"S3","S3",1513,1350.22051666667,162.779483333334
4972,"S3","S3",1827,1671.92138888889,155.078611111111
4972,"S3","S3",2141,1645.5278,495.472200000001
4972,"S3","S3",2395,2373.3781,21.621900000001
4972,"S3","S3",2656,3116.15802777778,-460.158027777779
4972,"S3","S3",2915,2362.94362777777,552.056372222225
4972,"S3","S3",3181,3372.93777777778,-191.937777777777
4972,"S3","S3",3388,3272.14794444444,115.852055555556
4972,"S3","S3",3673,3728.88807222222,-55.8880722222198
4972,"S3","S3",3949,3634.49145555556,314.508544444437
4972,"S3","S3",4267,4079.68218888889,187.317811111105
4972,"S3","S3",4731,3833.22708333334,897.772916666664
4972,"S3","S1",4972,3590.16193333333,1381.83806666667
4972,"S3","S2",4972,4138.34481666667,833.655183333334
4972,"S3","S3",4972,3823.76825555556,1148.23174444444
4972,"S3","S4",4972,3484.02441666667,1487.97558333333
4972,"S3","S5",4972,3877.82733333333,1094.17266666667
4972,"S4","S4",516,674.24531111111,-158.24531111111
4972,"S4","S4",741,858.45235,-117.45235
4972,"S4","S4",1012,761.951372222223,250.048627777777
4972,"S4","S4",1278,1090.75776666667,187.242233333333
4972,"S4","S4",1513,1438.94826111111,74.0517388888918
4972,"S4","S4",1827,2334.64226111111,-507.642261111109
4972,"S4","S4",2141,2556.64832777778,-415.648327777781
4972,"S4","S4",2395,2369.40681666667,25.5931833333348
4972,"S4","S4",2656,2400.63283333333,255.367166666669
4972,"S4","S4",2915,3408.23642222222,-493.236422222222
4972,"S4","S4",3181,3314.46439444444,-133.464394444443
4972,"S4","S4",3388,3342.86351666667,45.1364833333319
4972,"S4","S4",3673,2560.53673333333,1112.46326666667
4972,"S4","S4",3949,3492.35417777778,456.64582222222
4972,"S4","S4",4267,4006.48360555556,260.516394444443
4972,"S4","S4",4731,3337.21406666667,1393.78593333333
4972,"S4","S1",4972,3596.19667777778,1375.80332222222
4972,"S4","S2",4972,4034.54822222222,937.451777777779
4972,"S4","S3",4972,3782.84531111111,1189.15468888889
4972,"S4","S4",4972,3345.96482777778,1626.03517222222
4972,"S4","S5",4972,3705.49086111111,1266.50913888889
4972,"S5","S5",268,886.235977777777,-618.235977777777
4972,"S5","S5",516,1241.87115,-725.871149999999
4972,"S5","S5",741,1020.64816666667,-279.648166666667
4972,"S5","S5",1012,1462.98745,-450.987450000001
4972,"S5","S5",1278,1514.71706666666,-236.717066666665
4972,"S5","S5",1513,1580.47927222222,-67.4792722222235
4972,"S5","S5",1827,2018.20543888889,-191.205438888887
4972,"S5","S5",2141,2966.51098888889,-825.510988888885
4972,"S5","S5",2395,2760.25195555556,-365.251955555555
4972,"S5","S5",2656,2419.38272222222,236.61727777778
4972,"S5","S5",2915,2800.19537777777,114.804622222226
4972,"S5","S5",3181,3551.00438333333,-370.00438333333
4972,"S5","S5",3388,3420.31271666666,-32.312716666665
4972,"S5","S5",3673,2759.615,913.385000000002
4972,"S5","S5",3949,3399.24013333333,549.759866666669
4972,"S5","S5",4267,4257.71404444445,9.28595555555057
4972,"S5","S1",4972,3751.65623333333,1220.34376666667
4972,"S5","S2",4972,4231.69894444444,740.301055555557
4972,"S5","S3",4972,3758.22625555555,1213.77374444445
4972,"S5","S4",4972,3330.54528333333,1641.45471666667
4972,"S5","S5",4972,4003.18202222222,968.817977777776
